{"IcoMoonType":"selection","icons":[{"icon":{"paths":["M540.474 896l53.803-56.754 640.492-653.758-53.068-57.489-640.492 654.496-310.295-336.83-54.542 56.015 310.295 336.83 53.803 57.489z"],"attrs":[],"width":1411,"isMulticolor":false,"isMulticolor2":false,"grid":16,"tags":["check"],"colorPermutations":{}},"attrs":[],"properties":{"order":37,"id":34,"name":"check","prevSize":32,"code":59658},"setIdx":0,"setId":1,"iconIdx":0},{"icon":{"paths":["M563.6 511.634l331.548-331.548-51.232-51.964-332.28 332.28-331.548-332.28-51.964 51.964 332.28 331.548-332.28 332.28 51.964 51.232 331.548-331.548 332.28 331.548 51.232-51.232-331.548-332.28z"],"attrs":[],"isMulticolor":false,"isMulticolor2":false,"grid":16,"tags":["close"],"colorPermutations":{}},"attrs":[],"properties":{"order":40,"id":31,"name":"close","prevSize":32,"code":59661},"setIdx":0,"setId":1,"iconIdx":1},{"icon":{"paths":["M37.562 512l472.813 448 53.070-50.314-419.741-397.686 419.741-397.686-53.070-50.314-472.813 448z"],"attrs":[],"width":601,"isMulticolor":false,"isMulticolor2":false,"grid":16,"tags":["arrow-left"],"colorPermutations":{}},"attrs":[],"properties":{"order":38,"id":33,"name":"arrow-left","prevSize":32,"code":59659},"setIdx":0,"setId":1,"iconIdx":2},{"icon":{"paths":["M512 806.941l448-472.813-50.314-53.070-397.686 419.741-397.686-419.741-50.314 53.070 448 472.813z"],"attrs":[],"isMulticolor":false,"isMulticolor2":false,"grid":16,"tags":["arrow-down"],"colorPermutations":{}},"attrs":[],"properties":{"order":124,"id":83,"name":"arrow-down","prevSize":32,"code":59737},"setIdx":0,"setId":1,"iconIdx":3},{"icon":{"paths":["M512 217.059l-448 472.813 50.314 53.070 397.686-419.741 397.686 419.741 50.314-53.070-448-472.813z"],"attrs":[],"isMulticolor":false,"isMulticolor2":false,"grid":16,"tags":["arrow-up"],"colorPermutations":{}},"attrs":[],"properties":{"order":123,"id":84,"name":"arrow-up","prevSize":32,"code":59738},"setIdx":0,"setId":1,"iconIdx":4},{"icon":{"paths":["M563.445 512l-472.813-448-53.070 50.314 419.741 397.686-419.741 397.686 53.070 50.314 472.813-448z"],"attrs":[],"width":601,"isMulticolor":false,"isMulticolor2":false,"grid":16,"tags":["arrow-right"],"colorPermutations":{}},"attrs":[],"properties":{"order":39,"id":32,"name":"arrow-right","prevSize":32,"code":59660},"setIdx":0,"setId":1,"iconIdx":5},{"icon":{"paths":["M1019.72 468.644h-464.366v-464.373h-86.7v464.373h-464.373v86.7h464.373v464.387h86.7v-464.387h464.366z"],"attrs":[{}],"isMulticolor":false,"isMulticolor2":false,"grid":16,"tags":["plus"]},"attrs":[{}],"properties":{"order":118,"id":80,"name":"plus","prevSize":32,"code":59648},"setIdx":0,"setId":1,"iconIdx":6},{"icon":{"paths":["M33.902 455.68h956.196v112.64h-956.196v-112.64z"],"attrs":[{}],"isMulticolor":false,"isMulticolor2":false,"grid":16,"tags":["minus"]},"attrs":[{}],"properties":{"order":117,"id":79,"name":"minus","prevSize":32,"code":59649},"setIdx":0,"setId":1,"iconIdx":7},{"icon":{"paths":["M512 288l-313.6 448h627.2l-313.6-448z"],"attrs":[],"isMulticolor":false,"isMulticolor2":false,"grid":16,"tags":["caret-top"],"colorPermutations":{}},"attrs":[],"properties":{"order":9,"id":3,"name":"caret-top","prevSize":32,"code":59662},"setIdx":0,"setId":1,"iconIdx":8},{"icon":{"paths":["M512 768l313.6-448h-627.2l313.6 448z"],"attrs":[],"isMulticolor":false,"isMulticolor2":false,"grid":16,"tags":["caret-bottom"],"colorPermutations":{}},"attrs":[],"properties":{"order":8,"id":4,"name":"caret-bottom","prevSize":32,"code":59663},"setIdx":0,"setId":1,"iconIdx":9},{"icon":{"paths":["M177.28 558.72l389.76 369.28 49.92-46.72-390.4-369.28 389.76-369.28-49.28-46.72-439.040 416 49.28 46.72zM407.68 512l439.040 416 49.28-46.72-389.76-369.28 389.76-369.28-49.28-46.72-439.040 416z"],"isMulticolor":false,"isMulticolor2":false,"tags":["arrow-d-left"],"defaultCode":59684,"grid":16,"attrs":[]},"attrs":[],"properties":{"order":111,"id":77,"name":"arrow-d-left","prevSize":32,"code":59704},"setIdx":0,"setId":1,"iconIdx":10},{"icon":{"paths":["M846.72 465.28l-389.76-369.28-49.92 46.72 390.4 369.28-389.76 369.28 49.28 46.72 439.040-416-49.28-46.72zM616.32 512l-439.040-416-49.28 46.72 389.76 369.28-389.76 369.28 49.28 46.72 439.040-416z"],"isMulticolor":false,"isMulticolor2":false,"tags":["arrow-d-right"],"defaultCode":59684,"grid":16,"attrs":[]},"attrs":[],"properties":{"id":37,"order":112,"ligatures":"","prevSize":32,"code":59710,"name":"arrow-d-right"},"setIdx":0,"setId":1,"iconIdx":11},{"icon":{"paths":["M588.8 0l307.2 768h-140.8l-70.4-192h-339.2l-76.8 192h-140.8l307.2-768h153.6zM640 473.6l-128-339.2-128 339.2h256z"],"isMulticolor":false,"isMulticolor2":false,"tags":["font-color"],"defaultCode":59688,"grid":16,"attrs":[]},"attrs":[],"properties":{"id":41,"order":76,"ligatures":"","prevSize":32,"code":59714,"name":"font-color"},"setIdx":0,"setId":1,"iconIdx":12},{"icon":{"paths":["M426.24 832h55.040c5.688 0.49 12.307 0.769 18.992 0.769 47.147 0 91.049-13.891 127.838-37.804l-0.91 0.554c28.332-26.163 46.015-63.498 46.015-104.963 0-4.506-0.209-8.962-0.617-13.361l0.042 0.564c0.267-3.159 0.419-6.837 0.419-10.55 0-38.856-16.648-73.824-43.2-98.16l-0.099-0.090c-31.67-23.102-71.365-36.962-114.296-36.962-4.822 0-9.603 0.175-14.338 0.519l0.634-0.037h-75.52zM426.24 470.4h30.72c5.046 0.459 10.915 0.721 16.845 0.721 42.893 0 82.586-13.7 114.942-36.963l-0.587 0.401c26.48-25.433 42.932-61.136 42.932-100.681 0-4.888-0.251-9.717-0.742-14.475l0.050 0.596c0.286-3.104 0.449-6.712 0.449-10.359 0-35.2-15.197-66.851-39.387-88.75l-0.102-0.091c-28.35-18.682-63.121-29.802-100.489-29.802-6.76 0-13.435 0.364-20.006 1.073l0.815-0.071c-8.96 0-23.68 0-42.24 0v0zM192 128h342.4c7.527-0.617 16.294-0.968 25.143-0.968 61.566 0 119.158 17.012 168.333 46.592l-1.476-0.824c39.118 28.336 64.27 73.871 64.27 125.281 0 3.208-0.098 6.393-0.291 9.553l0.021-0.434c0.066 1.72 0.103 3.739 0.103 5.767 0 41.376-15.581 79.114-41.196 107.664l0.133-0.151c-32.528 31.529-73.888 54.125-120.014 63.724l-1.586 0.276c3.024-0.143 6.569-0.225 10.133-0.225 54.247 0 104.079 18.905 143.266 50.487l-0.439-0.342c32.001 31.090 51.859 74.533 51.859 122.613 0 5.276-0.239 10.497-0.707 15.651l0.049-0.664c0.186 3.228 0.292 7.003 0.292 10.804 0 62.725-28.922 118.695-74.157 155.302l-0.376 0.294c-53.504 36.531-119.592 58.333-190.773 58.333-7.863 0-15.663-0.266-23.393-0.79l1.046 0.057h-352.64v-55.68l64-6.4 18.56-17.92v-610.56l-15.36-13.44-67.2-8.32z"],"isMulticolor":false,"isMulticolor2":false,"tags":["bold"],"defaultCode":59681,"grid":16,"attrs":[]},"attrs":[],"properties":{"id":34,"order":69,"ligatures":"","prevSize":32,"code":59707,"name":"bold"},"setIdx":0,"setId":1,"iconIdx":13},{"icon":{"paths":["M532.48 812.16l128-600.32c8.182-33.629 37.527-58.393 72.838-59.517l0.122-0.003 4.48-24.32h-289.92v23.68c0.335-0.009 0.73-0.013 1.126-0.013 26.156 0 47.36 21.204 47.36 47.36 0 4.562-0.645 8.973-1.849 13.148l0.083-0.334-128 600.32c-8.182 33.629-37.527 58.393-72.838 59.517l-0.122 0.003-7.68 24.32h289.92l5.12-24.32c-0.536 0.022-1.165 0.035-1.797 0.035-25.803 0-46.72-20.917-46.72-46.72 0-4.571 0.657-8.989 1.88-13.165l-0.083 0.33z"],"isMulticolor":false,"isMulticolor2":false,"tags":["italic"],"defaultCode":59682,"grid":16,"attrs":[]},"attrs":[],"properties":{"id":35,"order":70,"ligatures":"","prevSize":32,"code":59708,"name":"italic"},"setIdx":0,"setId":1,"iconIdx":14},{"icon":{"paths":["M160 837.12h704v58.88h-704zM160 128h299.52v46.72l-64 4.48-15.36 12.8v332.8c-0.557 5.487-0.874 11.857-0.874 18.302 0 44.688 15.267 85.809 40.869 118.434l-0.315-0.416c30.197 25.868 69.732 41.612 112.943 41.612 5.301 0 10.546-0.237 15.726-0.701l-0.669 0.048c4.114 0.395 8.895 0.62 13.729 0.62 41.826 0 79.715-16.858 107.242-44.15l-0.011 0.011c24.171-34.43 38.627-77.211 38.627-123.368 0-6.813-0.315-13.553-0.931-20.205l0.064 0.853v-320l-16-16.64-64-5.12v-46.080h236.8v46.72l-64 5.12-14.080 16.64v330.24c0.807 7.485 1.267 16.166 1.267 24.956 0 64.538-24.812 123.281-65.418 167.209l0.151-0.165c-50.211 37.53-113.514 60.091-182.086 60.091-9.574 0-19.045-0.44-28.395-1.3l1.2 0.089c-2.54 0.058-5.532 0.091-8.532 0.091-44.548 0-87.393-7.294-127.404-20.753l2.816 0.822c-35.944-11.545-66.411-31.682-90.073-58.051l-0.167-0.189c-15.946-18.957-28.089-41.679-34.911-66.601l-0.289-1.239c-6.662-28.699-10.481-61.654-10.481-95.501 0-5.127 0.088-10.233 0.261-15.317l-0.020 0.738v-329.6l-17.28-12.8-64-4.48z"],"isMulticolor":false,"isMulticolor2":false,"tags":["underline"],"defaultCode":59683,"grid":16,"attrs":[]},"attrs":[],"properties":{"id":36,"order":71,"ligatures":"","prevSize":32,"code":59709,"name":"underline"},"setIdx":0,"setId":1,"iconIdx":15},{"icon":{"paths":["M512.002 1024.001l-10.874-4.208c-349.147-134.954-389.522-311.35-389.522-432.286v-461.914l31.168 1.064c242.694 8.266 346.041-101.269 347.010-102.334l22.246-24.322 22.215 24.322c0.815 0.879 98.758 102.774 321.083 102.774h0.037c8.451 0 17.090-0.122 25.858-0.44l31.168-1.064v461.914c0 120.937-40.376 297.332-389.522 432.286l-10.869 4.208zM171.87 187.365v400.142c0 65.041 0.033 236.753 340.131 371.829 340.128-135.077 340.128-306.789 340.128-371.829v-400.142c-188.336-0.724-296.706-67.745-340.128-102.37-43.456 34.59-151.828 101.582-340.131 102.37v0zM242.065 537.39l61.928-50.182 123.927 91.437c0 0 171.113-177.023 336.323-259.63l23.599 26.582c0 0-206.496 171.12-312.701 398.321l-233.076-206.528z"],"isMulticolor":false,"isMulticolor2":false,"tags":["shield"],"defaultCode":59678,"grid":16,"attrs":[]},"attrs":[],"properties":{"id":31,"order":66,"ligatures":"","prevSize":32,"code":59705,"name":"shield"},"setIdx":0,"setId":1,"iconIdx":16},{"icon":{"paths":["M35.84 1020.16c-0.383 0.014-0.833 0.022-1.285 0.022-7.067 0-13.688-1.909-19.376-5.24l0.181 0.098c-8.838-7.502-14.621-18.37-15.354-30.6l-0.006-0.12v-483.2c-0.003-0.153-0.005-0.334-0.005-0.515 0-10.882 6.173-20.323 15.208-25.011l0.157-0.074 97.28-82.56c6.308-4.419 14.143-7.061 22.594-7.061 11.233 0 21.375 4.667 28.594 12.168l0.012 0.013c4.419 6.308 7.061 14.143 7.061 22.594 0 11.233-4.667 21.375-12.168 28.594l-0.013 0.012-81.92 72.32v405.76l243.2-138.24c5.204-2.745 11.374-4.356 17.92-4.356s12.715 1.611 18.134 4.458l-0.214-0.102 327.68 159.36 276.48-116.48v-408.32l-56.32 30.72c-4.491 2.206-9.775 3.495-15.36 3.495-19.604 0-35.495-15.892-35.495-35.495 0-14.019 8.127-26.139 19.926-31.907l0.21-0.093 102.4-56.32c5.265-2.438 11.426-3.861 17.92-3.861s12.655 1.422 18.19 3.972l-0.27-0.112c9.351 6.693 15.373 17.52 15.373 29.754 0 0.34-0.005 0.679-0.014 1.016l0.001-0.050v483.2c-0.345 13.655-8.559 25.311-20.263 30.632l-0.217 0.088-307.2 138.88c-4.446 2.418-9.737 3.84-15.36 3.84s-10.914-1.422-15.532-3.925l0.172 0.085-320-159.36-284.16 161.92zM491.52 660.48c-17.263-0.972-32.565-8.646-43.482-20.438l-0.038-0.042c-33.96-48.329-71.9-90.333-114.356-127.281l-0.844-0.719-51.2-51.84c-39.877-49.329-64.016-112.816-64.016-181.942 0-1.061 0.006-2.121 0.017-3.179l-0.001 0.161c0.384-81.197 34.688-154.308 89.458-205.948l0.142-0.132c48.327-43.989 112.853-70.926 183.671-70.926 11.053 0 21.954 0.656 32.664 1.932l-1.295-0.126c124.557 16.214 222.414 112.764 240.457 235.286l0.183 1.514c1.589 11.313 2.496 24.382 2.496 37.662 0 69.908-25.131 133.947-66.853 183.574l0.357-0.436-51.2 51.84c-41.269 39.781-79.776 81.532-115.736 125.451l-2.024 2.549c-4.754 13.782-17.614 23.506-32.744 23.506-1.997 0-3.955-0.169-5.86-0.495l0.204 0.029zM491.52 74.24c-51.515 1.366-98.068 21.549-133.268 53.894l0.148-0.134c-39.526 39.111-64.002 93.365-64.002 153.335 0 0.318 0.001 0.636 0.002 0.954v-0.049c1.43 52.949 20.507 101.181 51.532 139.301l-0.332-0.421 38.4 38.4c37.528 36.305 72.676 74.292 105.645 114.147l1.875 2.333c35.84-46.080 76.8-81.92 107.52-118.4l46.080-46.080c32.678-37.177 52.618-86.245 52.618-139.971 0-8.636-0.515-17.152-1.517-25.519l0.098 1.010c-12.298-92.632-85.994-164.798-178.317-174.644l-0.883-0.076zM577.28 261.76c0 48.424-38.969 87.68-87.040 87.68s-87.040-39.256-87.040-87.68c0-48.424 38.969-87.68 87.040-87.68s87.040 39.256 87.040 87.68z"],"isMulticolor":false,"isMulticolor2":false,"tags":["map"],"defaultCode":59679,"grid":16,"attrs":[]},"attrs":[],"properties":{"id":32,"order":67,"ligatures":"","prevSize":32,"code":59706,"name":"map"},"setIdx":0,"setId":1,"iconIdx":17},{"icon":{"paths":["M715.52 316.16h-375.68v-204.16c-0.263-11.814-9.902-21.291-21.755-21.291-5.096 0-9.782 1.752-13.491 4.685l0.046-0.035-296.96 244.48c-4.746 4.018-7.738 9.979-7.738 16.64s2.993 12.622 7.707 16.614l296.992 245.146c3.663 2.899 8.349 4.651 13.445 4.651 11.853 0 21.492-9.477 21.755-21.266v-204.184h375.68c120.53 6.591 215.769 105.934 215.769 227.52s-95.239 220.928-215.186 227.495l-0.583 0.025h-375.68v81.28h375.68c164.563-7.726 295.058-143.024 295.058-308.8s-130.495-301.074-294.367-308.774l-0.691-0.026z"],"isMulticolor":false,"isMulticolor2":false,"tags":["redo"],"defaultCode":59685,"grid":16,"attrs":[]},"attrs":[],"properties":{"id":38,"order":73,"ligatures":"","prevSize":32,"code":59711,"name":"redo"},"setIdx":0,"setId":1,"iconIdx":18},{"icon":{"paths":["M308.48 316.16h375.68v-204.16c0.263-11.814 9.902-21.291 21.755-21.291 5.096 0 9.782 1.752 13.491 4.685l-0.046-0.035 296.96 244.48c4.746 4.018 7.738 9.979 7.738 16.64s-2.993 12.622-7.707 16.614l-296.992 245.146c-3.663 2.899-8.349 4.651-13.445 4.651-11.853 0-21.492-9.477-21.755-21.266v-204.184h-375.68c-120.53 6.591-215.769 105.934-215.769 227.52s95.239 220.928 215.186 227.495l0.583 0.025h375.68v81.28h-375.68c-164.563-7.726-295.058-143.024-295.058-308.8s130.495-301.074 294.367-308.774l0.691-0.026z"],"isMulticolor":false,"isMulticolor2":false,"tags":["undo"],"defaultCode":59686,"grid":16,"attrs":[]},"attrs":[],"properties":{"id":39,"order":74,"ligatures":"","prevSize":32,"code":59712,"name":"undo"},"setIdx":0,"setId":1,"iconIdx":19},{"icon":{"paths":["M512 0c-284.444 0-512 227.556-512 512s227.556 512 512 512 512-227.556 512-512-227.556-512-512-512zM329.956 472.178l295.822-261.689c17.067-17.067 45.511-11.378 62.578 5.689s11.378 45.511-5.689 62.578l-256 227.556c0 0 0 5.689 0 11.378l261.689 244.622c17.067 17.067 17.067 45.511 0 62.578-5.689 11.378-17.067 11.378-28.444 11.378s-22.756-5.689-28.444-11.378l-301.511-290.133c0 0-22.756-34.133 0-62.578z"],"isMulticolor":false,"isMulticolor2":false,"tags":["back"],"defaultCode":59690,"grid":16,"attrs":[]},"attrs":[],"properties":{"id":43,"order":79,"ligatures":"","prevSize":32,"code":59715,"name":"back"},"setIdx":0,"setId":1,"iconIdx":20},{"icon":{"paths":["M512 0c-282.77 0-512 229.23-512 512s229.23 512 512 512c282.77 0 512-229.23 512-512v0c0-282.77-229.23-512-512-512v0zM471.040 701.099l-49.835 49.835-49.835-53.248-166.571-167.253 53.248-52.565 163.84 166.571 341.333-367.275 53.931 54.613z"],"attrs":[],"isMulticolor":false,"isMulticolor2":false,"grid":16,"tags":["circle-check"],"colorPermutations":{}},"attrs":[],"properties":{"order":62,"id":43,"name":"circle-check","prevSize":32,"code":59702},"setIdx":0,"setId":1,"iconIdx":21},{"icon":{"paths":["M512 0c-282.77 0-512 229.23-512 512s229.23 512 512 512c282.77 0 512-229.23 512-512v0c0-282.77-229.23-512-512-512v0zM711.339 759.125l-199.339-198.656-199.339 198.656-47.787-47.787 198.656-198.656-198.656-199.339 47.787-47.787 199.339 198.656 199.339-199.339 47.787 47.787-199.339 200.021 199.339 198.656z"],"attrs":[],"isMulticolor":false,"isMulticolor2":false,"grid":16,"tags":["circle-close"],"colorPermutations":{}},"attrs":[],"properties":{"order":58,"id":50,"name":"circle-close","prevSize":32,"code":59698},"setIdx":0,"setId":1,"iconIdx":22},{"icon":{"paths":["M512 0c-282.77 0-512 229.23-512 512s229.23 512 512 512c282.77 0 512-229.23 512-512v0c0-282.77-229.23-512-512-512v0zM750.933 546.133h-477.867v-68.267h477.867z"],"attrs":[],"isMulticolor":false,"isMulticolor2":false,"grid":16,"tags":["circle-minus"],"colorPermutations":{}},"attrs":[],"properties":{"order":60,"id":47,"name":"circle-minus","prevSize":32,"code":59700},"setIdx":0,"setId":1,"iconIdx":23},{"icon":{"paths":["M512 0c-282.77 0-512 229.23-512 512s229.23 512 512 512c282.77 0 512-229.23 512-512v0c0-282.77-229.23-512-512-512v0zM842.411 555.691h-409.6v-409.6h68.267v341.333h341.333z"],"attrs":[],"isMulticolor":false,"isMulticolor2":false,"grid":16,"tags":["time"],"colorPermutations":{}},"attrs":[],"properties":{"order":121,"id":49,"name":"time","prevSize":32,"code":59699},"setIdx":0,"setId":1,"iconIdx":24},{"icon":{"paths":["M1024 512.171c0 282.795-229.205 511.829-511.829 511.829-282.965 0-512.171-229.035-512.171-511.829s229.205-512.171 512.171-512.171c282.624 0 511.829 229.376 511.829 512.171zM554.667 573.338v-336.043c0-24.917-19.217-45.295-42.667-45.295-23.484 0-42.667 20.378-42.667 45.295v336.043c0 24.986 19.217 45.329 42.667 45.329 23.484 0 42.667-20.343 42.667-45.329zM565.35 778.65c0-29.491-24.064-53.316-53.35-53.316-0.030-0-0.066-0-0.102-0-29.408 0-53.248 23.84-53.248 53.248 0 0.036 0 0.072 0 0.108l-0-0.006c-0 0.020-0 0.044-0 0.068 0 29.408 23.84 53.248 53.248 53.248 0.036 0 0.072-0 0.108-0l-0.006 0c29.252 0 53.35-23.825 53.35-53.35z"],"attrs":[{}],"isMulticolor":false,"isMulticolor2":false,"grid":16,"tags":["circle-warning"]},"attrs":[{}],"properties":{"order":119,"id":81,"name":"circle-warning","prevSize":32,"code":59701},"setIdx":0,"setId":1,"iconIdx":25},{"icon":{"paths":["M0 511.829c0-282.795 229.205-511.829 511.829-511.829 282.965 0 512.171 229.035 512.171 511.829s-229.205 512.171-512.171 512.171c-282.624 0-511.829-229.376-511.829-512.171zM469.333 450.662v336.043c0 24.917 19.217 45.295 42.667 45.295 23.484 0 42.667-20.378 42.667-45.295v-336.043c0-24.986-19.217-45.329-42.667-45.329-23.484 0-42.667 20.343-42.667 45.329zM458.65 245.35c0 29.491 24.064 53.316 53.35 53.316 0.030 0 0.066 0 0.102 0 29.408 0 53.248-23.84 53.248-53.248 0-0.036 0-0.072 0-0.108v0.006c0-0.020 0-0.044 0-0.068 0-29.408-23.84-53.248-53.248-53.248-0.036 0-0.072 0-0.108 0h0.006c-29.252 0-53.35 23.825-53.35 53.35z"],"attrs":[{}],"isMulticolor":false,"isMulticolor2":false,"grid":16,"tags":["circle-info"]},"attrs":[{}],"properties":{"order":120,"id":82,"name":"circle-info","prevSize":32,"code":59703},"setIdx":0,"setId":1,"iconIdx":26},{"icon":{"paths":["M512 0c-281.6 0-512 230.4-512 512s230.4 512 512 512 512-230.4 512-512-230.4-512-512-512zM832 576h-256v256h-128v-256h-256v-128h256v-256h128v256h256v128z"],"isMulticolor":false,"isMulticolor2":false,"tags":["circle-plus"],"defaultCode":59703,"grid":16,"attrs":[]},"attrs":[],"properties":{"id":56,"order":89,"ligatures":"","prevSize":32,"code":59727,"name":"circle-plus"},"setIdx":0,"setId":1,"iconIdx":27},{"icon":{"paths":["M512 0c-281.6 0-512 230.4-512 512s230.4 512 512 512 512-230.4 512-512-230.4-512-512-512zM780.8 691.2l-89.6 89.6-179.2-179.2-179.2 179.2-89.6-89.6 179.2-179.2-179.2-179.2 89.6-89.6 179.2 179.2 179.2-179.2 89.6 89.6-179.2 179.2 179.2 179.2z"],"isMulticolor":false,"isMulticolor2":false,"tags":["circle-remove"],"defaultCode":59702,"grid":16,"attrs":[]},"attrs":[],"properties":{"id":55,"order":90,"ligatures":"","prevSize":32,"code":59726,"name":"circle-remove"},"setIdx":0,"setId":1,"iconIdx":28},{"icon":{"paths":["M925.013 0h-826.027c-54.669 0-98.987 44.318-98.987 98.987l-0-0v826.027c0 54.669 44.318 98.987 98.987 98.987v0h826.027c54.669 0 98.987-44.318 98.987-98.987h0v-826.027c0-54.669-44.318-98.987-98.987-98.987v0zM546.133 819.2h-68.267v-68.267h68.267zM663.552 465.579c-21.525 22.619-43.787 43.8-67.060 63.838l-1.206 1.015c-15.573 12.881-28.725 27.989-39.147 44.955l-0.448 0.783c-9.881 17.476-15.704 38.378-15.704 60.639 0 0.282 0.001 0.563 0.003 0.844l-0-0.043v19.115h-68.267v-19.115c-0.035-1.266-0.055-2.756-0.055-4.251 0-24.955 5.556-48.612 15.498-69.802l-0.425 1.007c23.044-38.062 51.697-70.194 85.237-96.354l0.779-0.585q20.48-20.48 28.672-30.72c15.697-18.17 25.259-42.022 25.259-68.106 0-0.056-0-0.113-0-0.169l0 0.009c0.083-1.57 0.131-3.409 0.131-5.258 0-28.114-10.965-53.668-28.851-72.617l0.048 0.051c-19.489-18.328-45.807-29.59-74.756-29.59-2.521 0-5.021 0.085-7.499 0.253l0.335-0.018c-0.752-0.017-1.637-0.026-2.525-0.026-36.16 0-68.632 15.795-90.891 40.861l-0.109 0.125c-17.795 24.966-28.451 56.092-28.451 89.706 0 6.64 0.416 13.182 1.223 19.603l-0.078-0.765h-68.267c-0.811-6.672-1.274-14.397-1.274-22.231 0-50.382 19.15-96.291 50.568-130.845l-0.142 0.158c36.24-33.058 84.662-53.306 137.813-53.306 1.71 0 3.416 0.021 5.116 0.063l-0.252-0.005c2.9-0.164 6.293-0.257 9.708-0.257 45.98 0 88.013 16.899 120.227 44.824l-0.229-0.194c28.767 28.052 46.609 67.191 46.609 110.497 0 2.675-0.068 5.334-0.203 7.975l0.015-0.371c0.020 0.937 0.031 2.041 0.031 3.148 0 35.839-11.802 68.922-31.733 95.574l0.299-0.418z"],"attrs":[],"isMulticolor":false,"isMulticolor2":false,"grid":16,"tags":["square-help"],"colorPermutations":{}},"attrs":[],"properties":{"order":54,"id":54,"name":"square-help","prevSize":32,"code":59694},"setIdx":0,"setId":1,"iconIdx":29},{"icon":{"paths":["M925.013 0h-826.027c-54.669 0-98.987 44.318-98.987 98.987l-0-0v826.027c0 54.669 44.318 98.987 98.987 98.987v0h826.027c54.669 0 98.987-44.318 98.987-98.987h0v-826.027c0-54.669-44.318-98.987-98.987-98.987v0zM711.339 759.125l-199.339-198.656-199.339 198.656-47.787-47.787 198.656-198.656-198.656-199.339 47.787-47.787 199.339 198.656 199.339-199.339 47.787 47.787-199.339 200.021 199.339 198.656z"],"attrs":[],"isMulticolor":false,"isMulticolor2":false,"grid":16,"tags":["square-danger"],"colorPermutations":{}},"attrs":[],"properties":{"order":55,"id":53,"name":"square-danger","prevSize":32,"code":59695},"setIdx":0,"setId":1,"iconIdx":30},{"icon":{"paths":["M925.696 0h-827.392c-0.204-0.002-0.444-0.002-0.685-0.002-53.915 0-97.621 43.707-97.621 97.621 0 0.241 0.001 0.482 0.003 0.722l-0-0.037v827.392c-0.002 0.204-0.002 0.444-0.002 0.685 0 53.915 43.707 97.621 97.621 97.621 0.241 0 0.482-0.001 0.722-0.003l-0.037 0h827.392c0.204 0.002 0.444 0.002 0.685 0.002 53.915 0 97.621-43.707 97.621-97.621 0-0.241-0.001-0.482-0.003-0.722l0 0.037v-827.392c0.002-0.204 0.002-0.444 0.002-0.685 0-53.915-43.707-97.621-97.621-97.621-0.241 0-0.482 0.001-0.722 0.003l0.037-0zM341.333 750.933v-477.867l341.333 238.933z"],"attrs":[],"isMulticolor":false,"isMulticolor2":false,"grid":16,"tags":["play"],"colorPermutations":{}},"attrs":[],"properties":{"order":57,"id":51,"name":"play","prevSize":32,"code":59697},"setIdx":0,"setId":1,"iconIdx":31},{"icon":{"paths":["M925.013 0h-826.027c-54.669 0-98.987 44.318-98.987 98.987l-0-0v826.027c0 54.669 44.318 98.987 98.987 98.987v0h826.027c54.669 0 98.987-44.318 98.987-98.987h0v-826.027c0-54.669-44.318-98.987-98.987-98.987v0zM409.6 682.667h-68.267v-341.333h68.267zM682.667 682.667h-68.267v-341.333h68.267z"],"attrs":[],"isMulticolor":false,"isMulticolor2":false,"grid":16,"tags":["pause"],"colorPermutations":{}},"attrs":[],"properties":{"order":56,"id":52,"name":"pause","prevSize":32,"code":59696},"setIdx":0,"setId":1,"iconIdx":32},{"icon":{"paths":["M1024 958.946l-490.918-916.179c-4.351-7.43-12.294-12.341-21.384-12.341s-17.033 4.911-21.32 12.225l-0.063 0.116-487.304 916.179c-1.626 3.158-2.579 6.891-2.579 10.846 0 13.155 10.542 23.847 23.639 24.090l0.023 0h975.209c0.99 0.144 2.133 0.226 3.295 0.226 13.307 0 24.094-10.787 24.094-24.094 0-4.044-0.996-7.854-2.756-11.201l0.063 0.132zM542.118 852.329h-60.235v-60.235h60.235zM542.118 700.536h-60.235v-361.412h60.235z"],"attrs":[],"isMulticolor":false,"isMulticolor2":false,"grid":16,"tags":["warning"],"colorPermutations":{}},"attrs":[],"properties":{"order":52,"id":56,"name":"warning2","prevSize":32,"code":59692},"setIdx":0,"setId":1,"iconIdx":33},{"icon":{"paths":["M0 594.673l380.294 114.031 543.359-490.334-431.608 522.833 452.704 133.987 175.038-875.189zM439.020 786.815l143.109 45.612-143.109 193.853z"],"width":1120,"isMulticolor":false,"isMulticolor2":false,"tags":["release"],"defaultCode":59691,"grid":16,"attrs":[]},"attrs":[],"properties":{"id":44,"order":78,"ligatures":"","prevSize":32,"code":59716,"name":"release"},"setIdx":0,"setId":1,"iconIdx":34},{"icon":{"paths":["M711.111 256c0 141.385-114.615 256-256 256s-256-114.615-256-256c0-141.385 114.615-256 256-256s256 114.615 256 256z","M455.111 512c-251.449 0-455.111 227.556-455.111 512h910.222c0-284.444-203.662-512-455.111-512z"],"attrs":[],"width":910,"isMulticolor":false,"isMulticolor2":false,"grid":16,"tags":["user"],"colorPermutations":{}},"attrs":[],"properties":{"order":41,"id":42,"name":"user","prevSize":32,"code":59650},"setIdx":0,"setId":1,"iconIdx":35},{"icon":{"paths":["M448.151 1024c0.898 0.028 1.954 0.044 3.013 0.044 57.356 0 103.888-46.337 104.205-103.618l0-0.030h-207.209c-0.096 1.626-0.151 3.527-0.151 5.441 0 54.225 43.958 98.184 98.184 98.184 0.688 0 1.375-0.007 2.060-0.021l-0.102 0.002z","M796.311 694.513v-259.012c-5.049-158.021-116.698-288.584-265.154-322.422l-2.291-0.439v-32.527c0.298-2.477 0.469-5.345 0.469-8.253 0-35.95-26.028-65.821-60.268-71.797l-0.436-0.063c-5.91-1.681-12.699-2.648-19.712-2.648-41.251 0-74.692 33.441-74.692 74.692 0 2.843 0.159 5.648 0.468 8.408l-0.031-0.339v32.527c-152.027 32.062-264.903 163.921-267.441 322.587l-0.003 0.274v259.012l-107.219 103.002v51.802h903.529v-51.802z"],"attrs":[],"width":904,"isMulticolor":false,"isMulticolor2":false,"grid":16,"tags":["bell"],"colorPermutations":{}},"attrs":[],"properties":{"order":48,"id":35,"name":"bell","prevSize":32,"code":59657},"setIdx":0,"setId":1,"iconIdx":36},{"icon":{"paths":["M128 793.6c0 21.208 17.192 38.4 38.4 38.4s38.4-17.192 38.4-38.4c0-21.208-17.192-38.4-38.4-38.4v0c-21.208 0-38.4 17.192-38.4 38.4v0zM281.6 793.6c0 21.208 17.192 38.4 38.4 38.4s38.4-17.192 38.4-38.4c0-21.208-17.192-38.4-38.4-38.4v0c-21.208 0-38.4 17.192-38.4 38.4v0zM193.328 459.217c14.996 14.996 14.996 39.31 0 54.306s-39.31 14.996-54.306 0c-14.996-14.996-14.996-39.31 0-54.306s39.31-14.996 54.306 0zM346.996 459.15c14.996 14.996 14.996 39.31 0 54.306s-39.31 14.996-54.306 0c-14.996-14.996-14.996-39.31 0-54.306s39.31-14.996 54.306 0zM193.193 151.882c14.996 14.996 14.996 39.31 0 54.306s-39.31 14.996-54.306 0c-14.996-14.996-14.996-39.31 0-54.306s39.31-14.996 54.306 0zM346.861 151.814c14.996 14.996 14.996 39.31 0 54.306s-39.31 14.996-54.306 0c-14.996-14.996-14.996-39.31 0-54.306s39.31-14.996 54.306 0zM460.8 153.6h409.6v51.2h-409.6v-51.2zM153.6 921.6c-56.554 0-102.4-45.846-102.4-102.4v0-153.6h362.496c2.838-19.634 6.77-36.928 11.922-53.688l-0.658 2.488h-373.76v-256h921.6v64.512c19.069 13.388 35.8 27.519 51.183 42.991l0.017 0.017v-312.32c0-84.831-68.769-153.6-153.6-153.6v0h-716.8c-84.831 0-153.6 68.769-153.6 153.6v0 665.6c0 84.831 68.769 153.6 153.6 153.6v0h365.056c-15.652-15.439-29.944-32.167-42.734-50.044l-0.786-1.156zM51.2 153.6c0-56.554 45.846-102.4 102.4-102.4v0h716.8c56.554 0 102.4 45.846 102.4 102.4v0 153.6h-921.6zM768 409.6c-169.662 0-307.2 137.538-307.2 307.2s137.538 307.2 307.2 307.2c169.662 0 307.2-137.538 307.2-307.2v0c0-169.662-137.538-307.2-307.2-307.2v0zM819.2 921.6h-102.4v-153.6h-153.6v-102.4h153.6v-153.6h102.4v153.6h153.6v102.4h-153.6z"],"width":1075,"isMulticolor":false,"isMulticolor2":false,"tags":["server-add"],"defaultCode":59687,"grid":16,"attrs":[]},"attrs":[],"properties":{"id":40,"order":75,"ligatures":"","prevSize":32,"code":59713,"name":"server-add"},"setIdx":0,"setId":1,"iconIdx":37},{"icon":{"paths":["M512 230.4c12.8 0 23.040-10.24 23.040-23.040v-55.68c0-12.8-10.24-23.040-23.040-23.040s-23.040 10.24-23.040 23.040v55.040c0 12.8 10.24 23.68 23.040 23.68zM512 787.2c-12.8 0-23.040 10.24-23.040 23.040v55.040c0 12.8 10.24 23.040 23.040 23.040s23.040-10.24 23.040-23.040v-55.040c0-12.16-10.24-23.040-23.040-23.040zM872.32 485.76h-55.68c-12.8 0-23.040 10.24-23.040 23.040s10.24 23.040 23.040 23.040h55.68c12.8 0 23.040-10.24 23.040-23.040s-10.24-23.040-23.040-23.040zM207.36 485.76h-55.68c-12.8 0-23.040 10.24-23.040 23.040s10.24 23.040 23.040 23.040h55.68c12.8 0 23.040-10.24 23.040-23.040s-10.24-23.040-23.040-23.040zM750.72 240l-39.68 39.040c-8.96 8.96-8.96 23.68 0 32.64 4.48 4.48 10.24 7.040 16.64 7.040s12.16-1.92 16.64-7.040l39.68-39.040c8.96-8.96 8.96-23.68 0-32.64-9.6-8.96-24.32-8.96-33.28 0zM280.32 705.92l-39.68 39.040c-8.96 8.96-8.96 23.68 0 32.64 4.48 4.48 10.24 7.040 16.64 7.040 5.76 0 12.16-1.92 16.64-7.040l39.68-39.040c8.96-8.96 8.96-23.68 0-32.64-9.6-8.96-24.32-8.96-33.28 0zM743.68 705.92c-8.96-8.96-23.68-8.96-32.64 0s-8.96 23.68 0 32.64l39.68 39.040c4.48 4.48 10.24 7.040 16.64 7.040 5.76 0 12.16-1.92 16.64-7.040 8.96-8.96 8.96-23.68 0-32.64l-40.32-39.040zM280.32 311.68c4.48 4.48 10.24 7.040 16.64 7.040s12.16-1.92 16.64-7.040c8.96-8.96 8.96-23.68 0-32.64l-39.68-39.040c-8.96-8.96-23.68-8.96-32.64 0s-8.96 23.68 0 32.64l39.040 39.040zM512 736c-123.52 0-224-100.48-224-224s100.48-224 224-224 224 100.48 224 224-100.48 224-224 224zM512 697.6c102.4 0 185.6-83.2 185.6-185.6s-83.2-185.6-185.6-185.6-185.6 83.2-185.6 185.6 83.2 185.6 185.6 185.6z"],"isMulticolor":false,"isMulticolor2":false,"tags":["light"],"defaultCode":59692,"grid":16,"attrs":[]},"attrs":[],"properties":{"id":45,"order":80,"ligatures":"","prevSize":32,"code":59717,"name":"light"},"setIdx":0,"setId":1,"iconIdx":38},{"icon":{"paths":["M896 683.52c-9.6-18.56-23.040-34.56-38.4-48v-405.12c0-28.16-23.040-51.2-51.2-51.2h-588.8c-28.16 0-51.2 23.040-51.2 51.2v448c0 28.16 23.040 51.2 51.2 51.2h150.4c-1.92 10.24-3.2 21.12-3.2 32 0 1.92 0 4.48 0 6.4h-147.2c-49.28 0-89.6-40.32-89.6-89.6v-448c0-49.28 40.32-89.6 89.6-89.6h588.8c49.28 0 89.6 40.32 89.6 89.6v448c0 1.92 0 3.2 0 5.12zM832 578.56v38.4c-24.32-14.080-53.12-22.4-83.2-22.4h-217.6c-66.56 0-124.16 39.040-151.040 96h-149.76c-14.080 0-25.6-11.52-25.6-25.6v-99.2c29.44-50.56 49.92-88.96 87.68-88.96 54.4 0 62.72 115.84 140.8 115.84s122.88-240.64 204.16-240.64 131.2 227.2 188.8 227.2c1.92 0 3.84 0 5.76-0.64zM435.2 332.8c0 42.415-34.385 76.8-76.8 76.8s-76.8-34.385-76.8-76.8c0-42.415 34.385-76.8 76.8-76.8s76.8 34.385 76.8 76.8zM748.8 896h-217.6c-74.24 0-134.4-60.16-134.4-134.4s60.16-134.4 134.4-134.4h217.6c74.24 0 134.4 60.16 134.4 134.4s-60.16 134.4-134.4 134.4zM531.2 665.6c-53.12 0-96 42.88-96 96s42.88 96 96 96h217.6c53.12 0 96-42.88 96-96s-42.88-96-96-96h-217.6zM614.4 761.6c0 42.415-34.385 76.8-76.8 76.8s-76.8-34.385-76.8-76.8c0-42.415 34.385-76.8 76.8-76.8s76.8 34.385 76.8 76.8z"],"isMulticolor":false,"isMulticolor2":false,"tags":["power"],"defaultCode":59693,"grid":16,"attrs":[]},"attrs":[],"properties":{"id":46,"order":81,"ligatures":"","prevSize":32,"code":59718,"name":"power"},"setIdx":0,"setId":1,"iconIdx":39},{"icon":{"paths":["M243.2 768c-35.2 0-64-28.8-64-64v-364.8h588.8v84.48c13.44 5.76 26.24 12.16 38.4 20.48v-175.36c0-56.32-46.080-102.4-102.4-102.4h-76.8v-25.6h-38.4v25.6h-224v-25.6h-38.4v25.6h-83.2c-56.32 0-102.4 46.080-102.4 102.4v435.2c0 56.32 46.080 102.4 102.4 102.4h200.96c-7.68-12.16-14.72-24.96-20.48-38.4h-180.48zM179.2 268.8c0-35.2 28.8-64 64-64h83.2v25.6h38.4v-25.6h224v25.6h38.4v-25.6h76.8c35.2 0 64 28.8 64 64v32h-588.8v-32zM665.6 435.2c-127.36 0-230.4 103.040-230.4 230.4s103.040 230.4 230.4 230.4 230.4-103.040 230.4-230.4-103.040-230.4-230.4-230.4zM665.6 857.6c-105.6 0-192-86.4-192-192s86.4-192 192-192 192 86.4 192 192-86.4 192-192 192zM665.6 672v-115.2h-38.4v153.6h153.6v-38.4z"],"isMulticolor":false,"isMulticolor2":false,"tags":["proofread time"],"defaultCode":59694,"grid":16,"attrs":[]},"attrs":[],"properties":{"id":47,"order":82,"ligatures":"","prevSize":32,"code":59719,"name":"proofread-time"},"setIdx":0,"setId":1,"iconIdx":40},{"icon":{"paths":["M512 128c14.138 0 25.6 11.462 25.6 25.6v153.6c0 14.138-11.462 25.6-25.6 25.6s-25.6-11.462-25.6-25.6v-153.6c0-14.138 11.462-25.6 25.6-25.6zM896 512c0 14.138-11.462 25.6-25.6 25.6h-153.6c-14.138 0-25.6-11.462-25.6-25.6s11.462-25.6 25.6-25.6h153.6c14.138 0 25.6 11.462 25.6 25.6zM332.8 512c0 14.138-11.462 25.6-25.6 25.6h-153.6c-14.138 0-25.6-11.462-25.6-25.6s11.462-25.6 25.6-25.6h153.6c14.138 0 25.6 11.462 25.6 25.6zM512 128c14.138 0 25.6 11.462 25.6 25.6v153.6c0 14.138-11.462 25.6-25.6 25.6s-25.6-11.462-25.6-25.6v-153.6c0-14.138 11.462-25.6 25.6-25.6zM512 691.2c14.138 0 25.6 11.462 25.6 25.6v153.6c0 14.138-11.462 25.6-25.6 25.6s-25.6-11.462-25.6-25.6v-153.6c0-14.138 11.462-25.6 25.6-25.6zM896 512c0 14.138-11.462 25.6-25.6 25.6h-153.6c-14.138 0-25.6-11.462-25.6-25.6s11.462-25.6 25.6-25.6h153.6c14.138 0 25.6 11.462 25.6 25.6zM332.8 512c0 14.138-11.462 25.6-25.6 25.6h-153.6c-14.138 0-25.6-11.462-25.6-25.6s11.462-25.6 25.6-25.6h153.6c14.138 0 25.6 11.462 25.6 25.6zM783.529 240.471c9.997 9.997 9.997 26.206 0 36.204l-108.612 108.612c-9.997 9.997-26.206 9.997-36.204 0s-9.997-26.206 0-36.204l108.612-108.612c9.997-9.997 26.206-9.997 36.204 0zM385.286 638.714c9.997 9.997 9.997 26.206 0 36.204l-108.612 108.612c-9.997 9.997-26.206 9.997-36.204 0s-9.997-26.206 0-36.204l108.612-108.612c9.997-9.997 26.206-9.997 36.204 0zM783.529 783.529c-9.997 9.997-26.206 9.997-36.204 0l-108.612-108.612c-9.997-9.997-9.997-26.206 0-36.204s26.206-9.997 36.204 0l108.612 108.612c9.997 9.997 9.997 26.206 0 36.204zM385.286 385.286c-9.997 9.997-26.206 9.997-36.204 0l-108.612-108.612c-9.997-9.997-9.997-26.206 0-36.204s26.206-9.997 36.204 0l108.612 108.612c9.997 9.997 9.997 26.206 0 36.204z"],"isMulticolor":false,"isMulticolor2":false,"tags":["reboot"],"defaultCode":59695,"grid":16,"attrs":[]},"attrs":[],"properties":{"id":48,"order":83,"ligatures":"","prevSize":32,"code":59720,"name":"reboot"},"setIdx":0,"setId":1,"iconIdx":41},{"icon":{"paths":["M646.4 199.68v42.24c106.24 50.56 179.2 158.080 179.2 283.52 0 173.44-140.16 313.6-313.6 313.6s-313.6-140.16-313.6-313.6c0-127.36 76.16-237.44 185.6-286.080v-41.6c-131.2 51.2-224 178.56-224 328.32 0 194.56 157.44 352 352 352s352-157.44 352-352c0-147.84-89.6-273.92-217.6-326.4zM512 537.6c17.92 0 32-14.080 32-32v-307.2c0-17.92-14.080-32-32-32s-32 14.080-32 32v307.2c0 17.92 14.080 32 32 32z"],"isMulticolor":false,"isMulticolor2":false,"tags":["screen power"],"defaultCode":59696,"grid":16,"attrs":[]},"attrs":[],"properties":{"id":49,"order":84,"ligatures":"","prevSize":32,"code":59721,"name":"screen-power"},"setIdx":0,"setId":1,"iconIdx":42},{"icon":{"paths":["M512 896c-212.077 0-384-171.923-384-384s171.923-384 384-384c212.077 0 384 171.923 384 384s-171.923 384-384 384zM512 857.6c190.87 0 345.6-154.73 345.6-345.6s-154.73-345.6-345.6-345.6c-190.87 0-345.6 154.73-345.6 345.6s154.73 345.6 345.6 345.6zM655.973 541.335l-199.818 119.58c-15.165 9.075-34.816 4.139-43.891-11.026-2.972-4.966-4.541-10.645-4.541-16.433v-239.161c0-17.673 14.327-32 32-32 5.787 0 11.466 1.57 16.433 4.541l199.818 119.58c15.165 9.075 20.101 28.726 11.026 43.891-2.71 4.528-6.498 8.316-11.026 11.026z"],"isMulticolor":false,"isMulticolor2":false,"tags":["play"],"defaultCode":59697,"grid":16,"attrs":[]},"attrs":[],"properties":{"id":50,"order":85,"ligatures":"","prevSize":32,"code":59722,"name":"play-circle"},"setIdx":0,"setId":1,"iconIdx":43},{"icon":{"paths":["M883.2 243.2v537.6c0 56.32-46.080 102.4-102.4 102.4h-537.6c-56.32 0-102.4-46.080-102.4-102.4v-537.6c0-56.32 46.080-102.4 102.4-102.4h537.6c56.32 0 102.4 46.080 102.4 102.4zM844.8 243.2c0-35.2-28.8-64-64-64h-537.6c-35.2 0-64 28.8-64 64v537.6c0 35.2 28.8 64 64 64h537.6c35.2 0 64-28.8 64-64v-537.6zM670.080 640h-317.44c-16 0-30.080-9.6-35.84-24.32l-22.4-58.88h-25.6c-17.92 0-32-14.080-32-32v-89.6c0-17.92 14.080-32 32-32h486.4c17.92 0 32 14.080 32 32v89.6c0 17.92-14.080 32-32 32h-28.8l-19.84 57.6c-5.12 15.36-19.84 25.6-36.48 25.6zM275.2 518.4h45.44l32 83.2h317.44l28.8-83.2h49.92v-76.8h-473.6v76.8zM544 473.6h102.4v38.4h-102.4v-38.4z"],"isMulticolor":false,"isMulticolor2":false,"tags":["video switch"],"defaultCode":59698,"grid":16,"attrs":[]},"attrs":[],"properties":{"id":51,"order":86,"ligatures":"","prevSize":32,"code":59723,"name":"video-switch"},"setIdx":0,"setId":1,"iconIdx":44},{"icon":{"paths":["M321.742 356.090c1.416-1.812 3.001-3.505 4.746-5.056l153.6-136.533c15.851-14.090 40.122-12.662 54.212 3.189 6.248 7.029 9.699 16.107 9.699 25.512v545.778c0 21.208-17.192 38.4-38.4 38.4-9.405 0-18.482-3.451-25.512-9.699l-153.6-136.533c-1.745-1.551-3.331-3.245-4.746-5.056h-129.742c-21.208 0-38.4-17.192-38.4-38.4v-243.2c0-21.208 17.192-38.4 38.4-38.4h129.742zM321.742 394.49h-129.742v243.2h129.742c11.819 0 22.98 5.443 30.258 14.756l153.6 136.533v-545.778l-153.6 136.533c-7.278 9.313-18.438 14.756-30.258 14.756zM737.958 268.8c78.145 55.694 129.104 147.064 129.104 250.337 0 99.304-47.118 187.602-120.216 243.759l-27.42-27.42c66.264-48.955 109.237-127.629 109.237-216.339 0-92.676-46.901-174.397-118.261-222.724l27.558-27.613zM648.229 364.8c45.977 35.078 75.645 90.445 75.645 152.74 0 60.494-27.977 114.454-71.698 149.646l-27.352-27.352c36.858-28.057 60.65-72.397 60.65-122.294 0-51.69-25.533-97.417-64.675-125.256l27.429-27.484z"],"isMulticolor":false,"isMulticolor2":false,"tags":["volume"],"defaultCode":59699,"grid":16,"attrs":[]},"attrs":[],"properties":{"id":52,"order":87,"ligatures":"","prevSize":32,"code":59724,"name":"volume"},"setIdx":0,"setId":1,"iconIdx":45},{"icon":{"paths":["M685.357 746.407c-1.224-0.193-2.479-0.293-3.757-0.293-9.716 0-18.474 5.861-22.188 14.848s-1.654 19.33 5.221 26.203c6.875 6.873 17.209 8.921 26.181 5.189s14.813-12.509 14.799-22.235c-0.002-1.285-0.104-2.546-0.3-3.776l24.736-24.741c5.513-5.509 5.521-14.449 0.018-19.968s-14.433-5.527-19.946-0.018l-24.763 24.79zM678.4 896c-98.969 0-179.2-80.231-179.2-179.2s80.231-179.2 179.2-179.2c98.969 0 179.2 80.231 179.2 179.2s-80.231 179.2-179.2 179.2zM770.786 732.614c3.735 0 7.318-1.485 9.959-4.13s4.125-6.23 4.125-9.97c0-57.098-46.235-103.385-103.27-103.385s-103.27 46.287-103.27 103.385c0 7.787 6.306 14.1 14.084 14.1s14.084-6.313 14.084-14.1c0-41.524 33.624-75.186 75.102-75.186s75.102 33.662 75.102 75.186c0 3.739 1.484 7.326 4.125 9.97s6.224 4.13 9.959 4.13zM774.4 224c0-49.485-40.115-89.6-89.6-89.6h-422.4c-49.485 0-89.6 40.115-89.6 89.6v563.2c0 49.485 40.115 89.6 89.6 89.6h182.152c8.837 0 16-7.163 16-16v0c0-8.837-7.163-16-16-16h-182.152c-31.812 0-57.6-25.788-57.6-57.6v-563.2c0-31.812 25.788-57.6 57.6-57.6h422.4c31.812 0 57.6 25.788 57.6 57.6v253.021c0 8.837 7.163 16 16 16v0c8.837 0 16-7.163 16-16v-253.021zM323.2 307.2h300.8c8.837 0 16 7.163 16 16s-7.163 16-16 16h-300.8c-8.837 0-16-7.163-16-16s7.163-16 16-16zM323.2 448h300.8c8.837 0 16 7.163 16 16s-7.163 16-16 16h-300.8c-8.837 0-16-7.163-16-16s7.163-16 16-16zM323.2 588.8h140.8c8.837 0 16 7.163 16 16s-7.163 16-16 16h-140.8c-8.837 0-16-7.163-16-16s7.163-16 16-16z"],"isMulticolor":false,"isMulticolor2":false,"tags":["remote-log"],"defaultCode":59709,"grid":16,"attrs":[]},"attrs":[],"properties":{"id":62,"order":96,"ligatures":"","prevSize":32,"code":59733,"name":"remote-log"},"setIdx":0,"setId":1,"iconIdx":46},{"icon":{"paths":["M774.4 224c0-49.485-40.115-89.6-89.6-89.6h-422.4c-49.485 0-89.6 40.115-89.6 89.6v563.2c0 49.485 40.115 89.6 89.6 89.6h182.152c8.837 0 16-7.163 16-16v0c0-8.837-7.163-16-16-16h-182.152c-31.812 0-57.6-25.788-57.6-57.6v-563.2c0-31.812 25.788-57.6 57.6-57.6h422.4c31.812 0 57.6 25.788 57.6 57.6v253.021c0 8.837 7.163 16 16 16v0c8.837 0 16-7.163 16-16v-253.021zM323.2 307.2h300.8c8.837 0 16 7.163 16 16s-7.163 16-16 16h-300.8c-8.837 0-16-7.163-16-16s7.163-16 16-16zM323.2 448h300.8c8.837 0 16 7.163 16 16s-7.163 16-16 16h-300.8c-8.837 0-16-7.163-16-16s7.163-16 16-16zM323.2 588.8h140.8c8.837 0 16 7.163 16 16s-7.163 16-16 16h-140.8c-8.837 0-16-7.163-16-16s7.163-16 16-16zM678.4 896c-98.969 0-179.2-80.231-179.2-179.2s80.231-179.2 179.2-179.2c98.969 0 179.2 80.231 179.2 179.2s-80.231 179.2-179.2 179.2zM743.307 727.776c1.802-1.081 3.309-2.589 4.39-4.39 3.637-6.062 1.671-13.924-4.39-17.561l-90.321-54.193c-1.989-1.194-4.266-1.824-6.586-1.824-7.069 0-12.8 5.731-12.8 12.8v108.386c0 2.32 0.631 4.596 1.824 6.586 3.637 6.062 11.5 8.027 17.561 4.39l90.321-54.193z"],"isMulticolor":false,"isMulticolor2":false,"tags":["player-log"],"defaultCode":59704,"grid":16,"attrs":[]},"attrs":[],"properties":{"id":57,"order":114,"ligatures":"","prevSize":32,"code":59728,"name":"player-log"},"setIdx":0,"setId":1,"iconIdx":47},{"icon":{"paths":["M96.427 1005.227c-9.335 11.026-22.978 18.155-38.297 18.77l-0.103 0.003c-1.123 0.089-2.432 0.14-3.753 0.14-13.853 0-26.4-5.595-35.503-14.649l0.002 0.002c-11.405-9.384-18.655-23.46-18.773-39.233v-0.020c-0.107-1.294-0.169-2.801-0.169-4.323 0-14.071 5.239-26.918 13.874-36.697l-0.052 0.060 458.24-463.36c10.011-10.862 24.239-17.706 40.068-17.92h0.039c0.882-0.051 1.914-0.080 2.952-0.080 14.367 0 27.438 5.548 37.188 14.617l-0.033-0.031 455.68 462.507c9.052 9.956 14.594 23.244 14.594 37.827 0 1.102-0.032 2.197-0.094 3.283l0.007-0.15c-0.983 15.177-7.661 28.628-17.896 38.378l-0.024 0.022c-9.233 9.077-21.905 14.681-35.886 14.681-1.486 0-2.957-0.063-4.41-0.187l0.189 0.013c-15.28-0.497-28.881-7.296-38.355-17.869l-0.045-0.051-413.867-413.013-415.573 417.28zM96.427 557.227c-9.396 10.945-23.003 18.045-38.279 18.769l-0.121 0.005c-0.787 0.040-1.71 0.063-2.637 0.063-14.464 0-27.635-5.536-37.51-14.606l0.040 0.036c-10.306-10.061-16.985-23.797-17.912-39.086l-0.008-0.167c-0.026-0.659-0.041-1.433-0.041-2.21 0-14.87 5.513-28.453 14.606-38.817l-0.058 0.067 456.533-463.36c10.362-10.825 24.839-17.638 40.908-17.919l0.052-0.001c0.599-0.023 1.303-0.035 2.010-0.035 14.66 0 28.031 5.518 38.151 14.589l-0.054-0.047 456.533 462.507c9.029 10.627 14.52 24.506 14.52 39.666 0 0.455-0.005 0.909-0.015 1.361l0.001-0.068c-0.935 15.456-7.614 29.193-17.908 39.242l-0.012 0.012c-9.834 9.033-23.005 14.569-37.47 14.569-0.928 0-1.85-0.023-2.766-0.068l0.129 0.005c-15.397-0.728-29.004-7.828-38.34-18.702l-0.060-0.072-414.72-413.013-415.573 417.28z"],"isMulticolor":false,"isMulticolor2":false,"tags":["pack up"],"defaultCode":59700,"grid":16,"attrs":[]},"attrs":[],"properties":{"id":53,"order":88,"ligatures":"","prevSize":32,"code":59725,"name":"pack-up"},"setIdx":0,"setId":1,"iconIdx":48},{"icon":{"paths":["M927.573 18.773c9.335-11.026 22.978-18.155 38.297-18.77l0.103-0.003c1.123-0.089 2.432-0.14 3.753-0.14 13.853 0 26.4 5.595 35.503 14.649l-0.002-0.002c11.405 9.384 18.655 23.46 18.773 39.233v0.020c0.107 1.294 0.169 2.801 0.169 4.323 0 14.071-5.239 26.918-13.874 36.697l0.052-0.060-458.24 463.36c-10.011 10.862-24.239 17.706-40.068 17.92h-0.039c-0.882 0.051-1.914 0.080-2.952 0.080-14.367 0-27.438-5.548-37.188-14.617l0.033 0.031-455.68-462.507c-9.052-9.956-14.594-23.244-14.594-37.827 0-1.102 0.032-2.197 0.094-3.283l-0.007 0.15c0.983-15.177 7.661-28.628 17.896-38.378l0.024-0.022c9.233-9.077 21.905-14.681 35.886-14.681 1.486 0 2.957 0.063 4.41 0.187l-0.189-0.013c15.28 0.497 28.881 7.296 38.355 17.869l0.045 0.051 413.867 413.013 415.573-417.28zM927.573 466.773c9.396-10.945 23.003-18.045 38.279-18.769l0.121-0.005c0.787-0.040 1.71-0.063 2.637-0.063 14.464 0 27.635 5.536 37.51 14.606l-0.040-0.036c10.306 10.061 16.985 23.797 17.912 39.086l0.008 0.167c0.026 0.659 0.041 1.433 0.041 2.21 0 14.87-5.513 28.453-14.606 38.817l0.058-0.067-456.533 463.36c-10.362 10.825-24.839 17.638-40.908 17.919l-0.052 0.001c-0.599 0.023-1.303 0.035-2.010 0.035-14.66 0-28.031-5.518-38.151-14.589l0.054 0.047-456.533-462.507c-9.029-10.627-14.52-24.506-14.52-39.666 0-0.455 0.005-0.909 0.015-1.361l-0.001 0.068c0.935-15.456 7.614-29.193 17.908-39.242l0.012-0.012c9.834-9.033 23.005-14.569 37.47-14.569 0.928 0 1.85 0.023 2.766 0.068l-0.129-0.005c15.397 0.728 29.004 7.828 38.34 18.702l0.060 0.072 414.72 413.013 415.573-417.28z"],"isMulticolor":false,"isMulticolor2":false,"tags":["spread"],"defaultCode":59700,"grid":16,"attrs":[]},"attrs":[],"properties":{"order":113,"id":78,"name":"spread","prevSize":32,"code":59736},"setIdx":0,"setId":1,"iconIdx":49},{"icon":{"paths":["M1024 464h-92.8v-240h-372.48v240h-93.44v-432h-372.48v432h-92.8v96h92.8v432h372.48v-432h93.44v240h372.48v-240h92.8zM372.48 896h-186.24v-768h186.24zM837.76 704h-186.24v-384h186.24z"],"isMulticolor":false,"isMulticolor2":false,"tags":["vert-center"],"defaultCode":59705,"grid":16,"attrs":[]},"attrs":[],"properties":{"id":58,"order":92,"ligatures":"","prevSize":32,"code":59729,"name":"vert-center"},"setIdx":0,"setId":1,"iconIdx":50},{"icon":{"paths":["M32 938.88h960v85.12h-960v-85.12zM119.040 853.12h349.44v-853.12h-349.44zM206.72 85.12h177.28v682.88h-177.28zM555.52 853.12h349.44v-512h-349.44zM643.2 426.88h174.080v341.12h-174.080z"],"isMulticolor":false,"isMulticolor2":false,"tags":["vert-bottom"],"defaultCode":59706,"grid":16,"attrs":[]},"attrs":[],"properties":{"id":59,"order":93,"ligatures":"","prevSize":32,"code":59730,"name":"vert-bottom"},"setIdx":0,"setId":1,"iconIdx":51},{"icon":{"paths":["M32 0h960v85.12h-960v-85.12zM119.040 1024h349.44v-853.12h-349.44zM206.72 256h177.28v682.88h-177.28zM555.52 682.88h349.44v-512h-349.44zM643.2 256h174.080v341.12h-174.080z"],"isMulticolor":false,"isMulticolor2":false,"tags":["vert-top"],"defaultCode":59707,"grid":16,"attrs":[]},"attrs":[],"properties":{"id":60,"order":94,"ligatures":"","prevSize":32,"code":59731,"name":"vert-top"},"setIdx":0,"setId":1,"iconIdx":52},{"icon":{"paths":["M699.52 829.44l-39.040 23.040 150.4 170.88 149.12-170.88-39.040-22.4-81.28 92.8v-240.64h-57.6v236.8l-82.56-89.6zM699.52 195.2l81.92-92.8v240h57.6v-236.16l81.92 89.6 39.040-23.68-150.4-170.24-149.12 170.24 39.040 23.040zM64 1024h497.92v-1024h-497.92zM462.080 85.12v853.76h-298.24v-853.76z"],"isMulticolor":false,"isMulticolor2":false,"tags":["vert-fill"],"defaultCode":59708,"grid":16,"attrs":[]},"attrs":[],"properties":{"id":61,"order":95,"ligatures":"","prevSize":32,"code":59732,"name":"vert-fill"},"setIdx":0,"setId":1,"iconIdx":53},{"icon":{"paths":["M464 0v92.8h-240v372.48h240v93.44h-432v372.48h432v92.8h96v-92.8h432v-372.48h-432v-93.44h240v-372.48h-240v-92.8zM896 651.52v186.24h-768v-186.24zM704 186.24v186.24h-384v-186.24z"],"isMulticolor":false,"isMulticolor2":false,"tags":["hori-center"],"defaultCode":59769,"grid":16,"attrs":[]},"attrs":[],"properties":{"id":70,"order":105,"ligatures":"","prevSize":32,"code":59769,"name":"hori-center"},"setIdx":0,"setId":1,"iconIdx":54},{"icon":{"paths":["M938.88 32h85.12v960h-85.12v-960zM853.12 904.96v-349.44h-853.12v349.44zM85.12 817.28v-174.080h682.88v174.080zM853.12 468.48v-349.44h-512v349.44zM426.88 384v-177.28h341.12v177.28z"],"isMulticolor":false,"isMulticolor2":false,"tags":["hori-right"],"defaultCode":59770,"grid":16,"attrs":[]},"attrs":[],"properties":{"id":71,"order":106,"ligatures":"","prevSize":32,"code":59770,"name":"hori-right"},"setIdx":0,"setId":1,"iconIdx":55},{"icon":{"paths":["M0 32h85.12v960h-85.12v-960zM1024 904.96v-349.44h-853.12v349.44zM256 817.28v-174.080h682.88v174.080zM682.88 468.48v-349.44h-512v349.44zM256 384v-177.28h341.12v177.28z"],"isMulticolor":false,"isMulticolor2":false,"tags":["hori-left"],"defaultCode":59771,"grid":16,"attrs":[]},"attrs":[],"properties":{"id":72,"order":107,"ligatures":"","prevSize":32,"code":59771,"name":"hori-left"},"setIdx":0,"setId":1,"iconIdx":56},{"icon":{"paths":["M194.56 699.52l-23.68-39.040-170.24 150.4 170.24 149.12 23.040-39.040-92.8-81.28h240v-57.6h-236.16l89.6-82.56zM828.8 699.52l92.8 81.92h-240v57.6h236.16l-89.6 81.92 23.68 39.040 170.24-150.4-170.24-149.12-23.040 39.040zM0 64v497.92h1024v-497.92zM938.88 462.080h-853.76v-298.24h853.76z"],"isMulticolor":false,"isMulticolor2":false,"tags":["hori-fill"],"defaultCode":59772,"grid":16,"attrs":[]},"attrs":[],"properties":{"id":73,"order":108,"ligatures":"","prevSize":32,"code":59772,"name":"hori-fill"},"setIdx":0,"setId":1,"iconIdx":57},{"icon":{"paths":["M1024 157.44h-341.12v-157.44h-341.76v157.44h-341.12v78.72h85.12v787.84h853.76v-787.84h85.12zM426.88 78.72h170.24v78.72h-170.24zM853.12 945.28h-682.24v-709.12h682.24zM341.12 393.6h85.12v393.6h-85.12v-393.6zM597.12 393.6h85.12v393.6h-85.12v-393.6z"],"isMulticolor":false,"isMulticolor2":false,"tags":["dustbin"],"defaultCode":59750,"grid":16,"attrs":[]},"attrs":[],"properties":{"id":68,"order":103,"ligatures":"","prevSize":32,"code":59750,"name":"dustbin"},"setIdx":0,"setId":1,"iconIdx":58},{"icon":{"paths":["M643.2 320v-320h-284.16v320h-327.040v704h960v-704zM904.96 672v264.32h-87.68v-144h-87.040v143.36h-174.72v-195.84h-87.040v195.84h-174.72v-143.36h-87.040v143.36h-87.68v-281.6h785.92zM119.040 565.76v-158.080h328.96v-320h108.8v320h349.44v158.080z"],"isMulticolor":false,"isMulticolor2":false,"tags":["clear"],"defaultCode":59748,"grid":16,"attrs":[]},"attrs":[],"properties":{"id":66,"order":100,"ligatures":"","prevSize":32,"code":59748,"name":"clear"},"setIdx":0,"setId":1,"iconIdx":59},{"icon":{"paths":["M1013.248 406.528c-6.144-33.792-25.088-55.296-51.2-55.296h-5.12c-69.773-2.255-125.478-59.359-125.478-129.472 0-1.103 0.014-2.202 0.041-3.298l-0.003 0.162c0.979-18.647 4.839-36.108 11.144-52.349l-0.392 1.149c3.543-8.169 5.603-17.684 5.603-27.68 0-22.828-10.748-43.146-27.46-56.169l-0.159-0.119-126.464-75.264c-8.134-4.549-17.734-7.501-27.956-8.181l-0.204-0.011c-20.225 0.091-38.415 8.728-51.158 22.483l-0.042 0.045c-25.268 28.823-59.146 49.539-97.598 58.139l-1.218 0.229c-40.369-8.163-74.912-29.017-100.164-58.146l-0.188-0.222c-12.915-13.609-31.023-22.181-51.136-22.527l-0.064-0.001c-0.045 0-0.099 0-0.153 0-9.586 0-18.687 2.074-26.879 5.798l0.408-0.166-132.608 77.312c-16.871 13.142-27.619 33.46-27.619 56.288 0 9.996 2.061 19.51 5.78 28.142l-0.177-0.462c5.991 15.098 9.858 32.57 10.738 50.825l0.014 0.375c0.032 1.069 0.050 2.326 0.050 3.588 0 71.198-57.441 128.98-128.509 129.532h-5.173c-24.064 0-43.008 21.504-51.2 55.296-5.285 31.535-8.441 68.031-8.703 105.214l-0.001 0.258c1.021 38.201 4.89 74.734 11.414 110.339l-0.662-4.355c6.144 33.28 25.088 55.296 51.2 55.296h5.12c69.773 2.255 125.478 59.359 125.478 129.472 0 1.103-0.014 2.202-0.041 3.298l0.003-0.162c-0.979 18.647-4.839 36.108-11.144 52.349l0.392-1.149c-3.543 8.169-5.603 17.684-5.603 27.68 0 22.828 10.748 43.146 27.46 56.169l0.159 0.119 123.904 74.752c8.877 4.92 19.419 7.922 30.639 8.19l0.081 0.002c20.395-0.236 38.634-9.27 51.134-23.475l0.066-0.077c25.817-30.69 61.026-52.734 101.167-61.72l1.233-0.232c38.4 0 87.552 47.104 102.4 63.488 12.737 13.566 30.786 22.017 50.808 22.017 0.138 0 0.276 0 0.413-0.001h-0.021c9.64-0.042 18.787-2.111 27.050-5.802l-0.426 0.17 126.976-76.288c16.98-13.335 27.787-33.865 27.787-56.92 0-9.748-1.932-19.045-5.434-27.528l0.175 0.48c-6.466-15.072-10.538-32.566-11.255-50.921l-0.009-0.279c-0.024-0.934-0.038-2.033-0.038-3.136 0-70.114 55.705-127.217 125.271-129.467l0.207-0.005h5.12c24.064 0 43.008-22.016 51.2-55.296 6.128-31.327 10.351-68.148 11.738-105.695l0.038-1.313c-1.013-38.009-4.882-74.363-11.412-109.785l0.66 4.313zM358.4 945.664l-110.592-64.512c8.378-22.138 13.57-47.723 14.328-74.418l0.008-0.334c0.037-1.452 0.058-3.162 0.058-4.878 0-105.011-79.034-191.562-180.863-203.416l-0.955-0.090c-4.502-25.378-7.452-55.058-8.178-85.289l-0.014-0.727c0.803-31.021 3.751-60.698 8.712-89.688l-0.52 3.672c102.774-11.955 181.796-98.501 181.796-203.504 0-1.356-0.013-2.708-0.039-4.058l0.003 0.202c-0.766-27.029-5.958-52.614-14.871-76.38l0.535 1.628 116.224-67.584c13.683 14.368 28.586 27.321 44.626 38.785l0.942 0.639c28.605 24.745 65.495 40.615 106.012 42.985l0.484 0.023c40.648-2.553 77.265-17.986 106.275-42.22l-0.291 0.236c15.965-12.387 30.169-25.131 43.417-38.805l0.103-0.107 110.592 65.536c-8.362 22.294-13.552 48.053-14.328 74.919l-0.008 0.345c-0.030 1.3-0.047 2.831-0.047 4.367 0 105.006 79.027 191.555 180.851 203.415l0.956 0.091c4.415 25.143 7.362 54.639 8.174 84.668l0.018 0.836c-0.767 30.802-3.716 60.301-8.708 89.101l0.516-3.597c-102.785 11.945-181.818 98.496-181.818 203.506 0 1.715 0.021 3.425 0.063 5.13l-0.005-0.253c0.766 27.029 5.958 52.614 14.871 76.38l-0.535-1.628-110.592 66.56c-13.661-14.5-28.031-27.896-43.226-40.321l-0.806-0.639c-29.262-26.003-67.224-42.796-109.022-45.539l-0.546-0.029c-41.893 2.498-79.525 18.946-108.74 44.714l0.196-0.17c-16.621 12.628-31.342 25.888-44.887 40.267l-0.169 0.181zM691.2 512c0.047-1.572 0.074-3.42 0.074-5.275 0-100.536-79.389-182.53-178.896-186.713l-0.378-0.013c-101.912 1.689-183.879 84.7-183.879 186.856 0 1.809 0.026 3.612 0.077 5.408l-0.006-0.264c-0.029 1.229-0.046 2.677-0.046 4.129 0 102.25 81.893 185.372 183.668 187.356l0.186 0.003c99.88-4.202 179.261-86.193 179.261-186.725 0-1.675-0.022-3.345-0.066-5.009l0.005 0.246zM512 395.776c59.812 3.327 107.054 52.64 107.054 112.988 0 1.138-0.017 2.272-0.050 3.402l0.004-0.166c0.021 0.812 0.033 1.767 0.033 2.725 0 60.342-47.235 109.653-106.747 112.974l-0.294 0.013c-61.841-0.85-111.645-51.18-111.645-113.142 0-0.904 0.011-1.805 0.032-2.704l-0.002 0.134c-0.027-0.918-0.042-1.998-0.042-3.082 0-61.967 49.812-112.3 111.579-113.141l0.079-0.001z"],"isMulticolor":false,"isMulticolor2":false,"tags":["setting"],"defaultCode":59754,"grid":16,"attrs":[]},"attrs":[],"properties":{"id":69,"order":104,"ligatures":"","prevSize":32,"code":59754,"name":"setting"},"setIdx":0,"setId":1,"iconIdx":60},{"icon":{"paths":["M85.12 85.12h256v-85.12h-341.12v341.12h85.12v-256zM85.12 682.88h-85.12v341.12h341.12v-85.12h-256v-256zM938.88 938.88h-256v85.12h341.12v-341.12h-85.12v256zM682.88 0v85.12h256v256h85.12v-341.12h-341.12zM170.88 853.12h682.24v-682.24h-682.24zM256 256h512v512h-512z"],"isMulticolor":false,"isMulticolor2":false,"tags":["fullscreen"],"defaultCode":59749,"grid":16,"attrs":[]},"attrs":[],"properties":{"id":67,"order":101,"ligatures":"","prevSize":32,"code":59749,"name":"fullscreen1"},"setIdx":0,"setId":1,"iconIdx":61},{"icon":{"paths":["M960 446.72l-448-414.72-448 414.72 56.32 52.48 352-325.12v817.92h80v-817.92l351.36 325.12 56.32-52.48z"],"isMulticolor":false,"isMulticolor2":false,"tags":["move-up"],"defaultCode":59810,"grid":16,"attrs":[]},"attrs":[],"properties":{"id":75,"order":109,"ligatures":"","prevSize":32,"code":59810,"name":"move-up"},"setIdx":0,"setId":1,"iconIdx":62},{"icon":{"paths":["M64 577.28l448 414.72 448-414.72-56.32-52.48-351.36 325.12v-817.92h-80v817.92l-352-325.12-56.32 52.48z"],"isMulticolor":false,"isMulticolor2":false,"tags":["move-down"],"defaultCode":59811,"grid":16,"attrs":[]},"attrs":[],"properties":{"id":76,"order":110,"ligatures":"","prevSize":32,"code":59811,"name":"move-down"},"setIdx":0,"setId":1,"iconIdx":63},{"icon":{"paths":["M1309.224 561.096c0 206.59-167.474 374.064-374.064 374.064v0h-467.58c-206.59 0-374.064-167.474-374.064-374.064s167.474-374.064 374.064-374.064v0h467.58v93.516l280.548-140.274-280.548-140.274v93.516h-467.58c-258.237 0-467.58 209.343-467.58 467.58s209.343 467.58 467.58 467.58v0h467.58c258.237 0 467.58-209.343 467.58-467.58v0z"],"width":1400,"isMulticolor":false,"isMulticolor2":false,"tags":["order"],"defaultCode":59711,"grid":16,"attrs":[]},"attrs":[],"properties":{"id":64,"order":98,"ligatures":"","prevSize":32,"code":59735,"name":"order"},"setIdx":0,"setId":1,"iconIdx":64},{"icon":{"paths":["M1079.956 191.184h39.169v88.597l279.781-139.891-279.781-139.891v93.26h-41.967c-255.534 0-392.627 221.027-517.596 406.616-119.373 166.936-254.601 339.468-415.942 339.468h-143.621v93.26h143.621c259.264 0 407.548-244.342 536.248-430.863 115.643-166.936 238.747-310.557 400.087-310.557zM466.302 400.087l71.811-77.406c-99.789-126.834-222.893-229.421-394.492-229.421h-143.621v93.26h143.621c122.171 0 229.421 93.26 322.681 213.566zM1119.126 839.344h-41.967c-117.508 0-214.499-81.137-304.029-186.521l-71.811 77.406c83.472 120.463 218.19 200.334 371.919 207.927l1.123 0.044h44.765v93.26l279.781-136.16-279.781-149.217z"],"width":1398,"isMulticolor":false,"isMulticolor2":false,"tags":["random"],"defaultCode":59710,"grid":16,"attrs":[]},"attrs":[],"properties":{"id":63,"order":97,"ligatures":"","prevSize":32,"code":59734,"name":"random"},"setIdx":0,"setId":1,"iconIdx":65},{"icon":{"paths":["M1092.267 819.2v-819.2h-1092.267v819.2h409.6v136.533h-204.8v68.267h682.667v-68.267h-204.8v-136.533zM68.267 750.933v-682.667h955.733v682.667z","M793.259 236.885l-47.787-47.787-199.339 185.685-199.339-185.003-47.787 48.469 198.656 185.003-198.656 185.003 47.787 48.469 199.339-185.003 199.339 185.003 48.469-48.469-199.339-185.003 198.656-186.368z"],"attrs":[],"width":1092,"isMulticolor":false,"isMulticolor2":false,"grid":16,"tags":["screen-close"],"colorPermutations":{}},"attrs":[],"properties":{"order":64,"id":58,"name":"screen-close","prevSize":32,"code":59690},"setIdx":0,"setId":1,"iconIdx":66},{"icon":{"paths":["M456.021 550.229l-163.84-165.888-53.248 55.296 166.571 169.301 49.835 53.248 49.835-51.883 348.16-372.053-53.931-55.296-343.381 367.275z","M1092.267 819.2v-819.2h-1092.267v819.2h409.6v136.533h-204.8v68.267h682.667v-68.267h-204.8v-136.533zM68.267 750.933v-682.667h955.733v682.667z"],"attrs":[],"width":1092,"isMulticolor":false,"isMulticolor2":false,"grid":16,"tags":["screen-open"],"colorPermutations":{}},"attrs":[],"properties":{"order":51,"id":57,"name":"screen-open","prevSize":32,"code":59691},"setIdx":0,"setId":1,"iconIdx":67},{"icon":{"paths":["M512 0c-152.32 161.92-416 375.040-416 608.64-0.016 1.341-0.025 2.926-0.025 4.512 0 226.923 183.957 410.88 410.88 410.88 1.809 0 3.615-0.012 5.419-0.035l-0.274 0.003c1.53 0.021 3.336 0.032 5.145 0.032 226.923 0 410.88-183.957 410.88-410.88 0-1.587-0.009-3.171-0.027-4.754l0.002 0.242c0-233.6-256-446.72-416-608.64zM468.48 135.68l44.16-44.8 18.56 17.92c147.84 143.36 332.8 322.56 332.8 499.84 0 7.040 0 14.080 0 21.12-45.76 18.013-98.757 28.455-154.194 28.455-67.968 0-132.27-15.696-189.479-43.662l2.553 1.127c-57.745-27.159-125.414-43.011-196.786-43.011-59.677 0-116.766 11.083-169.321 31.302l3.227-1.091c4.48-163.84 172.8-332.16 308.48-467.2z"],"attrs":[],"isMulticolor":false,"isMulticolor2":false,"grid":16,"tags":["flow"],"colorPermutations":{}},"attrs":[],"properties":{"order":53,"id":55,"name":"flow","prevSize":32,"code":59693},"setIdx":0,"setId":1,"iconIdx":68},{"icon":{"paths":["M973.227 213.333h-174.080c-30.838-121.216-137.508-210.002-265.448-213.326l-0.365-0.008c-128.306 3.331-234.975 92.118-265.392 211.387l-0.421 1.946h-174.080c-51.605 0-93.44 41.835-93.44 93.44h0v623.787c0 51.605 41.835 93.44 93.44 93.44h-0 879.787c51.605 0 93.44-41.835 93.44-93.44l-0-0v-623.787c-0.711-51.317-42.123-92.729-93.372-93.439l-0.068-0.001zM533.333 42.667c104.578 3.053 191.945 73.335 220.582 168.988l0.432 1.679h-442.027c29.068-97.332 116.436-167.614 220.67-170.659l0.344-0.008zM981.333 914.347c0 13.432-10.888 24.32-24.32 24.32v0h-847.36c-0.128 0.002-0.279 0.004-0.431 0.004-13.196 0-23.893-10.697-23.893-23.893 0-0.151 0.001-0.302 0.004-0.453l-0 0.023v-591.36c-0.002-0.128-0.004-0.279-0.004-0.431 0-13.196 10.697-23.893 23.893-23.893 0.151 0 0.302 0.001 0.453 0.004l-0.023-0h158.72c-19.409 4.271-33.717 21.324-33.717 41.718 0 0.334 0.004 0.667 0.011 0.999l-0.001-0.049c0 23.564 19.103 42.667 42.667 42.667s42.667-19.103 42.667-42.667v0c0.007-0.283 0.011-0.615 0.011-0.949 0-20.394-14.308-37.446-33.434-41.665l-0.283-0.052h491.093c-19.409 4.271-33.717 21.324-33.717 41.718 0 0.334 0.004 0.667 0.011 0.999l-0.001-0.049c0 23.564 19.103 42.667 42.667 42.667s42.667-19.103 42.667-42.667v0c0.007-0.283 0.011-0.615 0.011-0.949 0-20.394-14.308-37.446-33.434-41.665l-0.283-0.052h161.707c13.432 0 24.32 10.888 24.32 24.32v0z","M250.88 738.987h-0.853l-81.067-206.080h-42.24v257.28h35.413v-183.893h1.28l71.68 183.893h30.72l71.253-183.893h1.28v183.893h35.413v-257.28h-41.813l-81.067 206.080z","M469.333 532.907l-90.027 256h37.973l19.627-63.573h100.267l21.76 66.133h38.4l-90.027-256zM450.133 691.627l38.4-116.48 38.4 116.48z","M635.733 532.907h-35.413v257.28h163.84v-33.28h-128.427v-224z","M808.96 532.907h-34.987v257.28h163.413v-33.28h-128.427v-224z"],"attrs":[],"width":1067,"isMulticolor":false,"isMulticolor2":false,"grid":16,"tags":["mall-en"],"colorPermutations":{}},"attrs":[],"properties":{"order":42,"id":41,"name":"mall-en","prevSize":32,"code":59651},"setIdx":0,"setId":1,"iconIdx":69},{"icon":{"paths":["M973.227 213.333h-174.080c-30.838-121.216-137.508-210.002-265.448-213.326l-0.365-0.008c-128.306 3.331-234.975 92.118-265.392 211.387l-0.421 1.946h-174.080c-51.605 0-93.44 41.835-93.44 93.44h0v623.787c0 51.605 41.835 93.44 93.44 93.44h-0 879.787c51.605 0 93.44-41.835 93.44-93.44l-0-0v-623.787c-0.711-51.317-42.123-92.729-93.372-93.439l-0.068-0.001zM533.333 42.667c104.578 3.053 191.945 73.335 220.582 168.988l0.432 1.679h-442.027c29.068-97.332 116.436-167.614 220.67-170.659l0.344-0.008zM981.333 914.347c0 13.432-10.888 24.32-24.32 24.32v0h-847.36c-0.128 0.002-0.279 0.004-0.431 0.004-13.196 0-23.893-10.697-23.893-23.893 0-0.151 0.001-0.302 0.004-0.453l-0 0.023v-591.36c-0.002-0.128-0.004-0.279-0.004-0.431 0-13.196 10.697-23.893 23.893-23.893 0.151 0 0.302 0.001 0.453 0.004l-0.023-0h158.72c-19.409 4.271-33.717 21.324-33.717 41.718 0 0.334 0.004 0.667 0.011 0.999l-0.001-0.049c0 23.564 19.103 42.667 42.667 42.667s42.667-19.103 42.667-42.667v0c0.007-0.283 0.011-0.615 0.011-0.949 0-20.394-14.308-37.446-33.434-41.665l-0.283-0.052h491.093c-19.409 4.271-33.717 21.324-33.717 41.718 0 0.334 0.004 0.667 0.011 0.999l-0.001-0.049c0 23.564 19.103 42.667 42.667 42.667s42.667-19.103 42.667-42.667v0c0.007-0.283 0.011-0.615 0.011-0.949 0-20.394-14.308-37.446-33.434-41.665l-0.283-0.052h161.707c13.432 0 24.32 10.888 24.32 24.32v0z","M379.733 627.2l-23.040 21.76c26.254 18.658 49.183 39.149 69.635 61.91l0.338 0.383 25.6-25.173c-21.734-21.129-45.433-40.492-70.711-57.708l-1.823-1.172z","M349.867 496.64l-37.547 5.973c3.172 6.204 6.622 14.084 9.667 22.162l0.573 1.731h-141.227v32.853h74.667c5.729 10.212 11.468 22.439 16.372 35.083l0.695 2.037h-76.8v233.813h32.853v-145.493l21.333 27.307 20.907-13.653v92.587h140.373v-95.147h-137.387c19.14-13.982 35.806-29.565 50.421-46.931l0.352-0.429-23.893-21.333c-20.527 21.848-44.308 40.324-70.634 54.729l-1.473 0.738v-55.893h224.427v155.307c0 12.373-4.693 18.773-13.227 18.773h-34.56l8.533 30.72h36.693c23.467 0 35.413-14.080 35.413-42.667v-191.573h-77.227c5.487-9.849 11.354-22.057 16.567-34.605l0.926-2.515h75.52v-32.853h-141.653c-3.84-11.52-6.827-21.76-10.667-30.72zM304.213 725.333h74.667v34.56h-74.667zM371.627 597.333h-65.707c-4.267-13.653-9.387-26.027-14.080-37.12h97.28c-5.12 11.52-11.093 23.893-17.493 37.12z","M830.72 541.013c-7.075-16.327-15.069-30.35-24.373-43.373l0.48 0.706-24.747 9.813c8.386 12.178 16.487 26.162 23.499 40.768l0.821 1.899z","M816.64 787.2c-3.84 0-9.813-8.107-17.92-23.893-3.645-7.095-6.984-15.445-9.548-24.126l-0.265-1.047c18.031-32.563 32.705-70.276 42.066-110.039l0.601-3.027-27.733-11.947c-7.052 31.176-16.292 58.377-27.987 84.229l1.107-2.736c0-2.987 0-6.827-2.133-10.667-4.351-29.020-6.837-62.511-6.837-96.583 0-1.295 0.004-2.589 0.011-3.883l-0.001 0.199h77.227v-29.013h-80.213c0-15.787 0-33.28 0-52.053h-31.573c0 18.347 0 35.413 0 52.053h-104.107v101.973c0.056 2.045 0.088 4.452 0.088 6.866 0 54.037-15.945 104.351-43.388 146.491l0.633-1.037 24.747 21.76c31.301-46.789 49.952-104.345 49.952-166.257 0-1.55-0.012-3.098-0.035-4.643l0.003 0.233h30.293c0.039 2.663 0.062 5.806 0.062 8.954 0 22.089-1.107 43.92-3.269 65.439l0.221-2.713c0 10.24-6.4 16.213-12.8 16.64h-24.747l8.107 27.733h23.467c0.044 0 0.096 0 0.147 0 14.087 0 26.019-9.225 30.084-21.963l0.062-0.224c5.893-28.709 9.266-61.704 9.266-95.487 0-9.486-0.266-18.909-0.791-28.264l0.058 1.298h-59.733v-47.787h72.107c1.286 40.654 6.040 79.391 13.99 116.948l-0.763-4.308c2.56 12.8 5.547 25.6 8.96 37.12-19.153 28.739-44.758 51.748-74.836 67.317l-1.111 0.523 20.907 26.453c26.673-15.455 48.98-35.448 66.573-59.15l0.414-0.583c4.15 10.276 9.020 19.127 14.787 27.299l-0.281-0.419c13.653 21.76 26.88 32.427 40.107 32.427s24.747-24.747 32.427-73.813l-28.16-15.787c-3.413 33.28-6.4 49.493-10.24 49.493z","M610.987 706.56l-26.027 15.36v-99.413h29.013v-32h-29.013v-88.32h-33.28v88.32h-29.44v32h29.44v113.92c-11.093 3.84-22.187 7.68-33.707 10.667l8.533 32.427c32.966-11.893 61.114-25.269 87.717-40.983l-2.384 1.303z"],"attrs":[],"width":1067,"isMulticolor":false,"isMulticolor2":false,"grid":16,"tags":["mall-cn"],"colorPermutations":{}},"attrs":[],"properties":{"order":43,"id":40,"name":"mall-cn","prevSize":32,"code":59652},"setIdx":0,"setId":1,"iconIdx":70},{"icon":{"paths":["M930.486 139.573v837.438h-744.389v-93.049h651.34v-883.962h-837.438v883.962h139.573v139.573h837.438v-883.962zM46.524 837.438v-790.913h744.389v790.913h-744.389z","M386.617 632.731h65.134v65.599h-65.134v-65.599z","M421.51 235.878c2.228-0.17 4.825-0.267 7.445-0.267 25.821 0 49.439 9.433 67.596 25.041l-0.137-0.115c15.576 14.411 25.362 34.886 25.588 57.649l0 0.041c0.079 1.206 0.123 2.615 0.123 4.035 0 16.227-5.851 31.088-15.557 42.588l0.081-0.099-50.711 53.968c-17.537 15.289-32.869 32.393-45.926 51.197l-0.598 0.911c-6.528 12.001-12.095 25.924-15.981 40.533l-0.303 1.338c-4.496 17.094-7.078 36.718-7.078 56.946 0 2.389 0.036 4.769 0.107 7.14l-0.008-0.348h60.016c-0.157-2.792-0.247-6.060-0.247-9.348 0-16.028 2.127-31.559 6.115-46.326l-0.285 1.241c4.372-13.418 10.877-25.030 19.214-35.065l-0.139 0.172c15.792-17.5 32.040-33.601 49.142-48.76l0.639-0.556c19.413-16.257 35.801-35.312 48.749-56.683l0.567-1.007c7.392-14.549 11.722-31.725 11.722-49.913 0-1.59-0.033-3.172-0.099-4.746l0.007 0.225c0.037-1.135 0.057-2.469 0.057-3.809 0-39.456-18.057-74.695-46.359-97.903l-0.223-0.177c-28.789-23.516-65.951-37.765-106.441-37.765-1.835 0-3.663 0.029-5.483 0.087l0.266-0.007c-0.335-0.002-0.732-0.003-1.128-0.003-22.53 0-44.226 3.575-64.55 10.188l1.474-0.415c-21.111 7.455-39.339 18.039-55.16 31.386l0.261-0.215c-15.231 12.375-27.374 27.946-35.501 45.736l-0.322 0.788c-8.001 22.22-12.627 47.861-12.627 74.581 0 1.913 0.024 3.82 0.071 5.722l-0.006-0.282h56.76c0-78.626 36.289-117.706 108.867-117.706z"],"attrs":[],"width":977,"isMulticolor":false,"isMulticolor2":false,"grid":16,"tags":["doc-help"],"colorPermutations":{}},"attrs":[],"properties":{"order":44,"id":39,"name":"doc-help","prevSize":32,"code":59653},"setIdx":0,"setId":1,"iconIdx":71},{"icon":{"paths":["M512 0c-282.77 0-512 229.23-512 512s229.23 512 512 512c282.77 0 512-229.23 512-512v0c0-282.77-229.23-512-512-512v0zM89.043 512c0.227-52.322 9.84-102.331 27.239-148.525l-0.971 2.938c18.254 7.123 34.727 13.357 34.727 32.946 0 85.927 3.117 178.087 85.927 178.087 30.862 11.966 54.817 35.92 66.514 65.997l0.269 0.786c7.123 17.809 35.617 0 66.783 0 15.583 0 0 24.932 0 78.803s120.209 137.127 120.209 137.127c0.025 26.379 1.48 52.386 4.291 77.986l-0.284-3.189c-225.604-10.048-404.703-195.39-404.703-422.562 0-0.139 0-0.277 0-0.416l-0 0.022zM612.174 922.49c15.137-61.44 24.487-98.393 58.323-125.551 16.997-6.842 28.776-23.193 28.776-42.296 0-25.113-20.358-45.472-45.472-45.472-6.011 0-11.749 1.166-17.001 3.285l0.305-0.109c-31.61 4.897-11.576-36.508-39.624-38.734s-63.221-54.317-103.29-73.016c-20.925-9.35-44.522-35.172-74.797-36.063s-70.79 23.151-70.79 4.897c-0.457-43.027-3.355-84.871-8.566-125.993l0.552 5.339c0-14.247-9.35-4.897 29.384-3.562 20.925 0 10.685-40.515 32.056-42.296s69.899 18.699 82.81 10.24 85.927 184.765 85.927 31.61c0-17.809-9.35-49.419 0-66.783 26.275-38.353 50.692-82.227 70.964-128.334l2.051-5.231c-10.488-3.693-22.581-5.826-35.172-5.826s-24.684 2.133-35.937 6.059l0.765-0.232c-10.24 2.671 2.671 18.254-11.576 21.816-56.097 12.021-104.181-14.247-86.817-39.179s81.475-10.685 86.817-61.885c2.671-24.487 4.897-51.645 6.678-74.797 154.171 22.175 280.020 124.626 335.133 262.934l1.006 2.861c-141.134 105.517-104.181 178.087-56.097 222.609 23.159 21.9 43.454 46.441 60.515 73.241l0.925 1.555c-48.519 133.483-158.574 233.99-294.932 268.29l-2.918 0.622z"],"attrs":[],"isMulticolor":false,"isMulticolor2":false,"grid":16,"tags":["global"],"colorPermutations":{}},"attrs":[],"properties":{"order":45,"id":38,"name":"global","prevSize":32,"code":59654},"setIdx":0,"setId":1,"iconIdx":72},{"icon":{"paths":["M1126.969 0h-1002.382c-68.807-0-124.587 55.779-124.587 124.587l0 0v774.827c-0 68.807 55.779 124.587 124.587 124.587h1002.382c68.807 0 124.587-55.779 124.587-124.587h-0v-774.827c-0.948-68.423-56.164-123.639-124.496-124.586l-0.090-0.001zM1077.476 113.778l-451.698 451.698-451.698-451.698zM1105.351 910.222h-959.147c-0.171 0.003-0.372 0.005-0.574 0.005-17.595 0-31.858-14.263-31.858-31.858 0-0.202 0.002-0.403 0.006-0.604l-0 0.030v-703.716l512 512 512-512v703.716c0.003 0.171 0.005 0.372 0.005 0.574 0 17.595-14.263 31.858-31.858 31.858-0.202 0-0.403-0.002-0.604-0.006l0.030 0z"],"attrs":[],"width":1252,"isMulticolor":false,"isMulticolor2":false,"grid":16,"tags":["email"],"colorPermutations":{}},"attrs":[],"properties":{"order":46,"id":37,"name":"email","prevSize":32,"code":59655},"setIdx":0,"setId":1,"iconIdx":73},{"icon":{"paths":["M1024.603 588.242c-0.179-0.002-0.391-0.002-0.603-0.002-41.275 0-74.736 33.46-74.736 74.736s33.46 74.736 74.736 74.736c41.275 0 74.734-33.459 74.736-74.733l0-0c0.002-0.179 0.002-0.391 0.002-0.603 0-40.943-33.19-74.133-74.133-74.133-0.001 0-0.002 0-0.003 0l0-0zM1024.603 687.689c-0.179 0.005-0.391 0.007-0.603 0.007-13.98 0-25.314-11.333-25.314-25.314s11.333-25.314 25.314-25.314c13.978 0 25.31 11.329 25.314 25.306l0 0c0.005 0.179 0.007 0.391 0.007 0.603 0 13.648-11.063 24.711-24.711 24.711-0.003 0-0.005-0-0.008-0l0 0z","M1386.227 712.4v-99.447h-93.42c-7.58-39.785-22.736-75.057-43.994-105.786l0.599 0.915 65.695-66.298-69.914-69.914-65.695 65.695c-30.034-20.555-65.488-35.697-103.701-43.109l-1.773-0.286v-92.817h-98.844v92.817c-39.986 7.698-75.44 22.84-106.442 44.020l0.969-0.625-65.695-65.695-69.914 69.914 65.695 66.298c-20.659 29.814-35.815 65.086-43.12 103.149l-0.275 1.722h-93.42v99.447h93.42c7.819 39.766 22.945 74.999 44.022 105.843l-0.627-0.972-65.695 65.695 69.914 70.517 65.695-66.298c29.879 21.080 65.434 36.301 103.884 43.16l1.59 0.235v94.022h98.844v-94.022c40.040-7.094 75.595-22.315 106.305-43.95l-0.831 0.555 65.695 66.298 69.914-70.517-65.695-65.695c20.45-29.872 35.576-65.105 43.098-103.074l0.297-1.797zM1024.603 885.98c-0.179 0.001-0.39 0.001-0.602 0.001-123.493 0-223.604-100.111-223.604-223.604s100.111-223.604 223.604-223.604c123.493 0 223.604 100.111 223.604 223.604 0 0.212-0 0.423-0.001 0.635l0-0.033c-0.342 123.023-99.979 222.66-222.969 223.002l-0.033 0z","M0 0h1024.603v120.541h-1024.603v-120.541z","M0 421.895h542.437v120.541h-542.437v-120.541z","M0 843.79h602.707v120.541h-602.707v-120.541z"],"attrs":[],"width":1386,"isMulticolor":false,"isMulticolor2":false,"grid":16,"tags":["menu-set"],"colorPermutations":{}},"attrs":[],"properties":{"order":47,"id":36,"name":"menu-set","prevSize":32,"code":59656},"setIdx":0,"setId":1,"iconIdx":74},{"icon":{"paths":["M512 0c-282.77 0-512 229.23-512 512s229.23 512 512 512c282.77 0 512-229.23 512-512v0c0-282.77-229.23-512-512-512v0zM512 950.857c-242.374 0-438.857-196.483-438.857-438.857s196.483-438.857 438.857-438.857c242.374 0 438.857 196.483 438.857 438.857v0c0 242.374-196.483 438.857-438.857 438.857v0z","M468.846 719.726h88.503v84.846h-88.503v-84.846z","M522.24 219.429c-5.599-0.655-12.086-1.029-18.66-1.029-93.718 0-169.691 75.973-169.691 169.691 0 3.965 0.136 7.898 0.404 11.796l-0.029-0.526h84.114c-0.329-3.294-0.517-7.12-0.517-10.99 0-32.622 13.348-62.127 34.88-83.351l0.014-0.014c18.189-12.354 40.633-19.724 64.798-19.724 14.555 0 28.485 2.674 41.327 7.557l-0.799-0.267c29.91 9.266 51.362 36.43 51.931 68.688l0.001 0.066c-4.162 48.383-29.262 90.171-66.086 116.704l-0.474 0.325c-39.207 31.383-66.079 76.757-73.031 128.444l-0.112 1.019v56.32h83.383c-1.747-10.991-2.745-23.665-2.745-36.571s0.998-25.58 2.921-37.948l-0.176 1.376c6.613-21.922 18.25-40.65 33.614-55.558l0.032-0.031c27.945-21.099 52.044-45.198 72.476-72.223l0.667-0.92c13.41-24.104 22.952-52.258 26.931-82.169l0.132-1.213c0.474-4.421 0.745-9.549 0.745-14.741 0-40.917-16.799-77.91-43.875-104.459l-0.024-0.023c-30.447-25.189-69.892-40.469-112.907-40.469-3.251 0-6.481 0.087-9.689 0.26l0.448-0.019z"],"attrs":[],"isMulticolor":false,"isMulticolor2":false,"grid":16,"tags":["help"],"colorPermutations":{}},"attrs":[],"properties":{"order":10,"id":30,"name":"help","prevSize":32,"code":59664},"setIdx":0,"setId":1,"iconIdx":75},{"icon":{"paths":["M438.857 658.286h146.286v146.286h-146.286v-146.286z","M438.857 219.429h146.286v365.714h-146.286v-365.714z","M512 0c-282.77 0-512 229.23-512 512s229.23 512 512 512c282.77 0 512-229.23 512-512v0c0-282.77-229.23-512-512-512v0zM512 950.857c-242.374 0-438.857-196.483-438.857-438.857s196.483-438.857 438.857-438.857c242.374 0 438.857 196.483 438.857 438.857v0c0 242.374-196.483 438.857-438.857 438.857v0z"],"attrs":[],"isMulticolor":false,"isMulticolor2":false,"grid":16,"tags":["warning"],"colorPermutations":{}},"attrs":[],"properties":{"order":11,"id":29,"name":"warning","prevSize":32,"code":59665},"setIdx":0,"setId":1,"iconIdx":76},{"icon":{"paths":["M438.857 219.429h146.286v146.286h-146.286v-146.286z","M438.857 438.857h146.286v365.714h-146.286v-365.714z","M512 0c-282.77 0-512 229.23-512 512s229.23 512 512 512c282.77 0 512-229.23 512-512v0c0-282.77-229.23-512-512-512v0zM512 950.857c-242.374 0-438.857-196.483-438.857-438.857s196.483-438.857 438.857-438.857c242.374 0 438.857 196.483 438.857 438.857v0c0 242.374-196.483 438.857-438.857 438.857v0z"],"attrs":[],"isMulticolor":false,"isMulticolor2":false,"grid":16,"tags":["info"],"colorPermutations":{}},"attrs":[],"properties":{"order":12,"id":28,"name":"info","prevSize":32,"code":59666},"setIdx":0,"setId":1,"iconIdx":77},{"icon":{"paths":["M804.571 0h146.286v804.571h-146.286v-804.571z","M0 877.714h1024v146.286h-1024v-146.286z","M438.857 219.429h146.286v585.143h-146.286v-585.143z","M73.143 438.857h146.286v365.714h-146.286v-365.714z"],"attrs":[],"isMulticolor":false,"isMulticolor2":false,"grid":16,"tags":["count"],"colorPermutations":{}},"attrs":[],"properties":{"order":13,"id":27,"name":"count","prevSize":32,"code":59667},"setIdx":0,"setId":1,"iconIdx":78},{"icon":{"paths":["M950.857 0h-950.857v1024h1024v-1024zM950.857 950.857h-877.714v-877.714h877.714z","M438.857 219.429h146.286v146.286h-146.286v-146.286z","M438.857 438.857h146.286v365.714h-146.286v-365.714z"],"attrs":[],"isMulticolor":false,"isMulticolor2":false,"grid":16,"tags":["info-square"],"colorPermutations":{}},"attrs":[],"properties":{"order":22,"id":26,"name":"info-square","prevSize":32,"code":59668},"setIdx":0,"setId":1,"iconIdx":79},{"icon":{"paths":["M876.8 583.68l142.72-332.16c3.764-7.055 5.975-15.429 5.975-24.32s-2.211-17.265-6.113-24.604l0.138 0.284c-8.699-13.185-23.446-21.766-40.197-21.766-0.268 0-0.536 0.002-0.804 0.007l0.040-0.001h-676.48l-10.88-49.28c-9.859-38.496-43.722-66.692-84.354-67.837l-0.126-0.003h-172.16c-19.087 0-34.56 15.473-34.56 34.56v0c-0 0.002-0 0.004-0 0.006 0 19.215 15.397 34.835 34.526 35.194l0.034 0h172.16c8.127 0.456 14.869 5.902 17.242 13.304l0.038 0.136 131.2 592c-42.084 17.982-71.040 59.023-71.040 106.826 0 0.019 0 0.038 0 0.057l-0-0.003c-0.204 2.54-0.32 5.499-0.32 8.485 0 62.209 50.431 112.64 112.64 112.64s112.64-50.431 112.64-112.64c0-2.986-0.116-5.945-0.344-8.872l0.024 0.388c0-0.121 0.001-0.264 0.001-0.407 0-15.036-2.818-29.415-7.955-42.635l0.274 0.803h231.68c-4.863 12.418-7.681 26.796-7.681 41.833 0 0.143 0 0.286 0.001 0.429l-0-0.022c1.080 61.025 50.803 110.080 111.984 110.080 61.856 0 112-50.144 112-112 0-61.85-50.135-111.991-111.983-112l-412.801-0-24.96-108.8h416.64c26.846-0.54 49.85-16.447 60.623-39.263l0.177-0.417zM823.68 803.84c2.883-0.725 6.193-1.141 9.6-1.141s6.717 0.416 9.882 1.2l-0.282-0.059c22.085 2.653 39.039 21.278 39.039 43.862 0 24.389-19.771 44.16-44.16 44.16s-44.16-19.771-44.16-44.16c0-0.12 0-0.24 0.001-0.36l-0 0.018c-0.010-0.358-0.016-0.779-0.016-1.202 0-19.475 12.426-36.047 29.783-42.221l0.313-0.097zM410.24 803.84c17.638 6.267 30.047 22.8 30.080 42.236l0 0.004c0.204 1.593 0.32 3.436 0.32 5.307 0 24.389-19.771 44.16-44.16 44.16s-44.16-19.771-44.16-44.16c0-1.87 0.116-3.713 0.342-5.523l-0.022 0.216c-0.001-0.114-0.002-0.248-0.002-0.383 0-22.005 16.331-40.195 37.535-43.112l0.227-0.026c1.213-0.057 2.634-0.090 4.063-0.090 5.575 0 11.034 0.499 16.334 1.453l-0.557-0.083zM384 553.6l-64-302.72h627.84l-128 302.72z"],"attrs":[],"isMulticolor":false,"isMulticolor2":false,"grid":16,"tags":["cart"],"colorPermutations":{}},"attrs":[],"properties":{"order":23,"id":25,"name":"cart","prevSize":32,"code":59669},"setIdx":0,"setId":1,"iconIdx":80},{"icon":{"paths":["M0 0v1024h1024v-1024zM945.231 945.231h-866.462v-866.462h866.462z","M472.615 866.462h78.769v-156.751h157.538v-80.345h-157.538v-156.751h157.538v-79.557h-98.462l54.351-156.751h-73.255l-54.351 156.751h-50.412l-53.563-156.751h-75.618l54.351 156.751h-96.886v79.557h157.538v156.751h-157.538v80.345h158.326l-0.788 156.751z"],"attrs":[],"isMulticolor":false,"isMulticolor2":false,"grid":16,"tags":["yuan"],"colorPermutations":{}},"attrs":[],"properties":{"order":24,"id":24,"name":"yuan","prevSize":32,"code":59670},"setIdx":0,"setId":1,"iconIdx":81},{"icon":{"paths":["M1024 512l-130.194-124.343-54.126-51.931-181.394 176.274 53.394 51.931 92.891-87.040c0.362 5.25 0.568 11.378 0.568 17.554s-0.206 12.304-0.612 18.378l0.044-0.823c0 201.978-163.736 365.714-365.714 365.714s-365.714-163.736-365.714-365.714c0-201.978 163.736-365.714 365.714-365.714v0c25.999 0.206 51.249 2.859 75.695 7.739l-2.552-0.425v-73.143c-21.604-4.034-46.824-6.668-72.541-7.303l-0.602-0.012c-242.374 0-438.857 196.483-438.857 438.857s196.483 438.857 438.857 438.857c242.374 0 438.857-196.483 438.857-438.857v0c0.345-6.009 0.542-13.039 0.542-20.114s-0.197-14.105-0.585-21.083l0.043 0.969 90.697 91.429z"],"attrs":[],"isMulticolor":false,"isMulticolor2":false,"grid":16,"tags":["refresh"],"colorPermutations":{}},"attrs":[],"properties":{"order":25,"id":23,"name":"refresh","prevSize":32,"code":59671},"setIdx":0,"setId":1,"iconIdx":82},{"icon":{"paths":["M512 73.143c-283.063 0-512 196.754-512 438.857s228.937 438.857 512 438.857 512-196.754 512-438.857-228.937-438.857-512-438.857zM512 877.714c-242.103 0-438.857-163.84-438.857-365.714s196.754-365.714 438.857-365.714 438.857 163.84 438.857 365.714-196.754 365.714-438.857 365.714z","M512 292.571c-121.187 0-219.429 98.242-219.429 219.429s98.242 219.429 219.429 219.429c121.187 0 219.429-98.242 219.429-219.429v0c0-121.187-98.242-219.429-219.429-219.429v0zM512 658.286c-80.791 0-146.286-65.494-146.286-146.286s65.494-146.286 146.286-146.286c80.791 0 146.286 65.494 146.286 146.286v0c0 80.791-65.494 146.286-146.286 146.286v0z"],"attrs":[],"isMulticolor":false,"isMulticolor2":false,"grid":16,"tags":["eye"],"colorPermutations":{}},"attrs":[],"properties":{"order":26,"id":22,"name":"eye","prevSize":32,"code":59672},"setIdx":0,"setId":1,"iconIdx":83},{"icon":{"paths":["M0 0l426.667 512v512h85.333v-85.333h85.333v-426.667l426.667-512zM557.227 426.667h-90.453l-284.16-341.333h658.773z"],"attrs":[],"isMulticolor":false,"isMulticolor2":false,"grid":16,"tags":["filter"],"colorPermutations":{}},"attrs":[],"properties":{"order":27,"id":21,"name":"filter","prevSize":32,"code":59673},"setIdx":0,"setId":1,"iconIdx":84},{"icon":{"paths":["M0 472.615h472.615v-472.615h-472.615zM78.769 78.769h315.077v315.077h-315.077z","M551.385 0v472.615h472.615v-472.615zM945.231 393.846h-315.077v-315.077h315.077z","M0 1024h472.615v-472.615h-472.615zM78.769 630.154h315.077v315.077h-315.077z","M551.385 1024h472.615v-472.615h-472.615zM630.154 630.154h315.077v315.077h-315.077z"],"attrs":[],"isMulticolor":false,"isMulticolor2":false,"grid":16,"tags":["menu"],"colorPermutations":{}},"attrs":[],"properties":{"order":28,"id":20,"name":"menu","prevSize":32,"code":59674},"setIdx":0,"setId":1,"iconIdx":85},{"icon":{"paths":["M0 0h93.091v93.091h-93.091v-93.091z","M186.182 0h837.818v93.091h-837.818v-93.091z","M0 465.455h93.091v93.091h-93.091v-93.091z","M186.182 465.455h837.818v93.091h-837.818v-93.091z","M0 930.909h93.091v93.091h-93.091v-93.091z","M186.182 930.909h837.818v93.091h-837.818v-93.091z"],"attrs":[],"isMulticolor":false,"isMulticolor2":false,"grid":16,"tags":["list"],"colorPermutations":{}},"attrs":[],"properties":{"order":29,"id":19,"name":"list","prevSize":32,"code":59675},"setIdx":0,"setId":1,"iconIdx":86},{"icon":{"paths":["M0 906.634h1024v78.769h-1024v-78.769z","M512 743.582l55.926-55.926 296.172-296.96-55.138-55.138-257.575 256.788v-552.96h-78.769v552.96l-258.363-258.363-55.926 55.926 353.674 353.674z"],"attrs":[],"isMulticolor":false,"isMulticolor2":false,"grid":16,"tags":["download"],"colorPermutations":{}},"attrs":[],"properties":{"order":30,"id":18,"name":"download","prevSize":32,"code":59676},"setIdx":0,"setId":1,"iconIdx":87},{"icon":{"paths":["M315.077 118.154v-77.982h-315.077v314.289h78.769v-181.169l259.938 260.726 55.926-55.926-259.151-259.938h179.594z","M946.018 39.385h-236.308v78.769h181.169l-259.938 259.938 55.138 55.926 259.938-259.151v179.594h78.769v-315.077h-78.769z","M946.018 852.283l-260.726-260.726-55.138 55.926 259.151 259.938h-179.594v78.769h315.077v-315.077h-78.769v181.169z","M337.92 591.557l-259.151 259.151v-179.594h-78.769v315.077h315.077v-78.769h-181.169l259.938-259.938-55.926-55.926z"],"attrs":[],"isMulticolor":false,"isMulticolor2":false,"grid":16,"tags":["fullscreen"],"colorPermutations":{}},"attrs":[],"properties":{"order":31,"id":17,"name":"fullscreen","prevSize":32,"code":59677},"setIdx":0,"setId":1,"iconIdx":88},{"icon":{"paths":["M567.68 495.36l-55.68-44.8-55.68 44.8-133.12 108.8 55.68 45.44 94.080-76.8v387.2h78.080v-387.2l94.080 76.16 55.68-44.8-133.12-108.8z","M781.44 302.080c-16.655-135.359-130.928-239.137-269.44-239.137s-252.785 103.777-269.308 237.82l-0.132 1.316c-135.124 13.62-239.719 126.763-239.719 264.336 0 146.687 118.913 265.6 265.6 265.6 1.026 0 2.051-0.006 3.075-0.017l-0.156 0.001c24.268-0.335 47.583-3.818 69.742-10.058l-1.902 0.458-15.36-54.4c-16.704 4.859-35.891 7.654-55.732 7.654-114.168 0-206.72-92.552-206.72-206.72s92.552-206.72 206.72-206.72c1.143 0 2.285 0.009 3.424 0.028l-0.172-0.002h30.080v-32.64c0-116.289 94.271-210.56 210.56-210.56s210.56 94.271 210.56 210.56v0 30.080h30.080c110.968 4.063 199.385 95.001 199.385 206.59 0 114.168-92.552 206.72-206.72 206.72-16.002 0-31.579-1.818-46.537-5.259l1.391 0.269-14.72 56.96c19.037 5.542 40.991 9.009 63.662 9.593l0.338 0.007c0.868 0.010 1.893 0.016 2.919 0.016 146.687 0 265.6-118.913 265.6-265.6 0-137.573-104.596-250.716-238.602-264.245l-1.118-0.091z"],"attrs":[],"isMulticolor":false,"isMulticolor2":false,"grid":16,"tags":["upload"],"colorPermutations":{}},"attrs":[],"properties":{"order":32,"id":16,"name":"upload","prevSize":32,"code":59678},"setIdx":0,"setId":1,"iconIdx":89},{"icon":{"paths":["M512 406.65c-58.183 0-105.35 47.167-105.35 105.35s47.167 105.35 105.35 105.35c58.183 0 105.35-47.167 105.35-105.35v0c0-58.183-47.167-105.35-105.35-105.35v0zM512 547.117c-19.394 0-35.117-15.722-35.117-35.117v0c0-19.394 15.722-35.117 35.117-35.117v0c19.394 0 35.117 15.722 35.117 35.117v0c-0.385 19.237-15.879 34.731-35.080 35.116l-0.036 0.001z","M512 70.233v0zM953.767 512v0zM512 898.283v0zM582.233 0h-140.466v132.038c-56.489 10.942-106.544 32.51-150.212 62.666l1.318-0.861-93.41-93.41-99.029 99.029 93.41 93.41c-29.296 42.351-50.863 92.406-61.401 146.406l-0.405 2.488h-132.038v140.466h132.038c10.955 56.242 32.52 106.060 62.653 149.483l-0.848-1.291-93.41 94.112 99.029 99.029 93.41-93.41c42.286 29.38 92.417 50.766 146.545 60.743l2.349 0.36v132.741h140.466v-132.741c56.233-10.348 106.127-31.733 149.429-61.919l-1.237 0.816 94.112 93.41 99.029-99.029-93.41-94.112c29.371-42.065 50.755-91.96 60.743-145.854l0.36-2.338h132.741v-140.466h-132.741c-10.337-56.477-31.723-106.608-61.932-150.157l0.829 1.263 93.41-93.41-99.029-99.029-94.112 93.41c-42.132-29.285-91.95-50.85-145.716-61.4l-2.476-0.405v-132.038zM512 828.049c-174.549 0-316.049-141.5-316.049-316.049s141.5-316.049 316.049-316.049c174.549 0 316.049 141.5 316.049 316.049v0c-0.399 174.389-141.661 315.651-316.011 316.049l-0.038 0z"],"attrs":[],"isMulticolor":false,"isMulticolor2":false,"grid":16,"tags":["gear"],"colorPermutations":{}},"attrs":[],"properties":{"order":33,"id":15,"name":"gear","prevSize":32,"code":59679},"setIdx":0,"setId":1,"iconIdx":90},{"icon":{"paths":["M947.417 391.599h-157.903v78.951h157.903v473.709h-868.466v-473.709h157.903v-78.951h-236.854v631.611h1026.369v-631.611h-78.951z","M473.709 151.587v555.818h78.951v-556.608l94.742 94.742 55.266-56.056-189.483-189.483-189.483 189.483 55.266 56.056 94.742-93.952z"],"attrs":[],"width":1026,"isMulticolor":false,"isMulticolor2":false,"grid":16,"tags":["export"],"colorPermutations":{}},"attrs":[],"properties":{"order":34,"id":14,"name":"export","prevSize":32,"code":59680},"setIdx":0,"setId":1,"iconIdx":91},{"icon":{"paths":["M945.231 0h-866.462v393.846h78.769v-315.077h787.692v866.462h-787.692v-315.077h-78.769v393.846h945.231v-1024h-78.769z","M461.588 645.908l55.138 55.138 133.908-133.12 55.138-55.926-55.138-55.926-133.908-133.12-55.926 55.138 94.523 94.523h-555.323v78.769h555.323l-93.735 94.523z"],"attrs":[],"isMulticolor":false,"isMulticolor2":false,"grid":16,"tags":["move"],"colorPermutations":{}},"attrs":[],"properties":{"order":35,"id":13,"name":"move","prevSize":32,"code":59681},"setIdx":0,"setId":1,"iconIdx":92},{"icon":{"paths":["M866.462 0h-866.462v866.462h78.769v-787.692h787.692v-78.769z","M945.231 157.538h-787.692v866.462h866.462v-866.462zM945.231 945.231h-708.923v-708.923h708.923z","M551.385 787.692h78.769v-157.538h157.538v-78.769h-157.538v-157.538h-78.769v157.538h-157.538v78.769h157.538v157.538z"],"attrs":[],"isMulticolor":false,"isMulticolor2":false,"grid":16,"tags":["copy"],"colorPermutations":{}},"attrs":[],"properties":{"order":14,"id":12,"name":"copy","prevSize":32,"code":59682},"setIdx":0,"setId":1,"iconIdx":93},{"icon":{"paths":["M354.462 393.846h78.769v393.846h-78.769v-393.846z","M590.769 393.846h78.769v393.846h-78.769v-393.846z","M905.846 157.538h-236.308v-157.538h-315.077v157.538h-315.077v78.769h78.769v787.692h787.692v-787.692h78.769v-78.769zM433.231 78.769h157.538v78.769h-157.538zM827.077 945.231h-630.154v-708.923h630.154z"],"attrs":[],"isMulticolor":false,"isMulticolor2":false,"grid":16,"tags":["delete"],"colorPermutations":{}},"attrs":[],"properties":{"order":15,"id":11,"name":"delete","prevSize":32,"code":59683},"setIdx":0,"setId":1,"iconIdx":94},{"icon":{"paths":["M938.667 938.667h-853.333v-853.333h426.667v-85.333h-512v1024h1024v-597.333h-85.333v512z","M420.693 426.667v0 176.64h180.907l422.4-422.4-180.907-180.907-60.587 60.587-361.813 366.080zM506.027 461.653l341.333-337.067 60.587 60.587-337.067 341.333h-64.853z"],"attrs":[],"isMulticolor":false,"isMulticolor2":false,"grid":16,"tags":["edit"],"colorPermutations":{}},"attrs":[],"properties":{"order":16,"id":10,"name":"edit","prevSize":32,"code":59684},"setIdx":0,"setId":1,"iconIdx":95},{"icon":{"paths":["M0 109.714h877.714v73.143h-877.714v-73.143z","M0 402.286h585.143v73.143h-585.143v-73.143z","M804.571 621.714v-219.429h-73.143v219.429h-219.429v73.143h219.429v219.429h73.143v-219.429h219.429v-73.143h-219.429z","M0 694.857h438.857v73.143h-438.857v-73.143z"],"attrs":[],"isMulticolor":false,"isMulticolor2":false,"grid":16,"tags":["list-add"],"colorPermutations":{}},"attrs":[],"properties":{"order":17,"id":9,"name":"list-add","prevSize":32,"code":59685},"setIdx":0,"setId":1,"iconIdx":96},{"icon":{"paths":["M558.545 465.455v-465.455h-93.091v465.455h-465.455v93.091h465.455v465.455h93.091v-465.455h465.455v-93.091h-465.455z"],"attrs":[],"isMulticolor":false,"isMulticolor2":false,"grid":16,"tags":["add"],"colorPermutations":{}},"attrs":[],"properties":{"order":18,"id":8,"name":"add","prevSize":32,"code":59686},"setIdx":0,"setId":1,"iconIdx":97},{"icon":{"paths":["M780.288 732.501c66.613-77.262 107.183-178.617 107.183-289.447 0-245.444-198.972-444.416-444.416-444.416s-444.416 198.972-444.416 444.416c0 245.444 198.972 444.416 444.416 444.416 110.83 0 212.185-40.57 290.023-107.668l-0.576 0.486 243.029 243.712 48.469-48.469zM443.733 819.2c-207.365 0-375.467-168.102-375.467-375.467s168.102-375.467 375.467-375.467c207.365 0 375.467 168.102 375.467 375.467v0c-0.388 207.208-168.258 375.079-375.429 375.467l-0.037 0z"],"attrs":[],"isMulticolor":false,"isMulticolor2":false,"grid":16,"tags":["search"],"colorPermutations":{}},"attrs":[],"properties":{"order":19,"id":7,"name":"search","prevSize":32,"code":59687},"setIdx":0,"setId":1,"iconIdx":98},{"icon":{"paths":["M273.067 409.6h341.333v68.267h-341.333v-68.267z","M780.288 732.501c66.613-77.262 107.183-178.617 107.183-289.447 0-245.444-198.972-444.416-444.416-444.416s-444.416 198.972-444.416 444.416c0 245.444 198.972 444.416 444.416 444.416 110.83 0 212.185-40.57 290.023-107.668l-0.576 0.486 243.029 243.712 48.469-48.469zM443.733 819.2c-207.365 0-375.467-168.102-375.467-375.467s168.102-375.467 375.467-375.467c207.365 0 375.467 168.102 375.467 375.467v0c-0.388 207.208-168.258 375.079-375.429 375.467l-0.037 0z"],"attrs":[],"isMulticolor":false,"isMulticolor2":false,"grid":16,"tags":["zoom-out"],"colorPermutations":{}},"attrs":[],"properties":{"order":20,"id":6,"name":"zoom-out","prevSize":32,"code":59688},"setIdx":0,"setId":1,"iconIdx":99},{"icon":{"paths":["M477.867 273.067h-68.267v136.533h-136.533v68.267h136.533v136.533h68.267v-136.533h136.533v-68.267h-136.533v-136.533z","M780.288 732.501c66.613-77.262 107.183-178.617 107.183-289.447 0-245.444-198.972-444.416-444.416-444.416s-444.416 198.972-444.416 444.416c0 245.444 198.972 444.416 444.416 444.416 110.83 0 212.185-40.57 290.023-107.668l-0.576 0.486 243.029 243.712 48.469-48.469zM443.733 819.2c-207.365 0-375.467-168.102-375.467-375.467s168.102-375.467 375.467-375.467c207.365 0 375.467 168.102 375.467 375.467v0c-0.388 207.208-168.258 375.079-375.429 375.467l-0.037 0z"],"attrs":[],"isMulticolor":false,"isMulticolor2":false,"grid":16,"tags":["zoom-in"],"colorPermutations":{}},"attrs":[],"properties":{"order":21,"id":5,"name":"zoom-in","prevSize":32,"code":59689},"setIdx":0,"setId":1,"iconIdx":100}],"height":1024,"metadata":{"name":"Nova"},"preferences":{"showGlyphs":true,"showQuickUse":true,"showQuickUse2":true,"showSVGs":true,"fontPref":{"prefix":"nv-icon-","metadata":{"fontFamily":"Nova","majorVersion":1,"minorVersion":0},"metrics":{"emSize":1024,"baseline":6.25,"whitespace":50},"embed":false,"noie8":true,"ie7":false,"resetPoint":59648},"imagePref":{"prefix":"icon-","png":true,"useClassSelector":true,"color":0,"bgColor":16777215,"classSelector":".icon"},"historySize":50,"showCodes":true,"gridSize":16,"showGrid":true}}